/* SQLINES EVALUATION VERSION TRUNCATES VARIABLE NAMES AND COMMENTS. */
/* OBTAIN A LICENSE AT WWW.SQLINES.COM FOR FULL CONVERSION. THANK YOU. */

DROP TABLE IF EXISTS S_EMPLOYEES;
CREATE TABLE S_EMPLOYEES (
  ID VARCHAR(20) PRIMARY KEY,
  NAME VARCHAR(40),
  SEX VARCHAR(30),
  BIRTH VARCHAR(30),
  PHONE VARCHAR(15),
  EMAIL VARCHAR(100),
  JOBTITLE_SEQ INT,
  STATUS_SEQ INT,
  JOBCATEGORY_SEQ INT,
  DEPARTMENT_SEQ INT,
  SUPERVISOR_ID INT,
  PHOTONAME VARCHAR(100)
);
DROP TABLE IF EXISTS S_ROLE;
CREATE TABLE S_ROLE (
	ID INT auto_increment PRIMARY KEY,
	ROLE VARCHAR(10)
);

DROP TABLE IF EXISTS S_USERS;
CREATE TABLE S_USERS (
	USERNAME VARCHAR(40) PRIMARY KEY,
  PASSWORD VARCHAR(50),
  ROLEID INT,
  EMPLOYEEID VARCHAR(20)
);

DROP TABLE IF EXISTS S_DEPARTMENT;
CREATE TABLE S_DEPARTMENT (
  SEQ INT AUTO_INCREMENT PRIMARY KEY,
  NAME VARCHAR(50),
  DESCRIPTION VARCHAR(300),
  PARENT_SEQ INT
);

DROP TABLE IF EXISTS S_STATUS;
CREATE TABLE S_STATUS (
  SEQ INT AUTO_INCREMENT PRIMARY KEY,
  NAME VARCHAR(50)
);

DROP TABLE IF EXISTS S_EVAL_GROUP;
CREATE TABLE S_EVAL_GROUP (
  SEQ INT AUTO_INCREMENT PRIMARY KEY,
  NAME VARCHAR(50),
  CHOOSE TINYINT
);

INSERT INTO S_EVAL_GROUP(NAME, CHOOSE) VALUES('Main Evaluator', 1);
INSERT INTO S_EVAL_GROUP(NAME, CHOOSE) VALUES('Self', 1);
INSERT INTO S_EVAL_GROUP(NAME, CHOOSE) VALUES('Supervisors', 1);
INSERT INTO S_EVAL_GROUP(NAME, CHOOSE) VALUES('Peers', 1);
INSERT INTO S_EVAL_GROUP(NAME, CHOOSE) VALUES('Subordinates', 1);


DROP TABLE IF EXISTS S_QUESTION;
CREATE TABLE S_QUESTION (
  SEQ INT AUTO_INCREMENT PRIMARY KEY,
  NAME VARCHAR(500)
);

INSERT INTO S_QUESTION(NAME) VALUES('What goals did you accomplish since your last evaluation (or hire)?');
INSERT INTO S_QUESTION(NAME) VALUES('What goals were you unable to accomplish and what hindered you from achieving them?');
INSERT INTO S_QUESTION(NAME) VALUES('What goals will you set for the next period?');
INSERT INTO S_QUESTION(NAME) VALUES('What resources do you need from the organization to achieve these goals?');
INSERT INTO S_QUESTION(NAME) VALUES('Based on YOUR personal satisfaction with your job (workload, environment, pay, challenge, etc.) how would you rate your satisfaction from 1 (poor) to 10 (excellent.)');

DROP TABLE IF EXISTS N_QUESTION;
CREATE TABLE N_QUESTION (
  SEQ INT AUTO_INCREMENT PRIMARY KEY,
  NAME VARCHAR(500),
  TYPE_SEQ INT,
  ADD_DATE VARCHAR(30),
  MOD_DATE VARCHAR(30)
);

INSERT INTO N_QUESTION(NAME, TYPE_SEQ, ADD_DATE, MOD_DATE) VALUES('Your Gender:', 1, '2014-10-10', '2014-10-10');
INSERT INTO N_QUESTION(NAME, TYPE_SEQ, ADD_DATE, MOD_DATE) VALUES('Your Age:', 1, '2014-10-10', '2014-10-10');
INSERT INTO N_QUESTION(NAME, TYPE_SEQ, ADD_DATE, MOD_DATE) VALUES('Your Education Background:', 1, '2014-10-10', '2014-10-10');
INSERT INTO N_QUESTION(NAME, TYPE_SEQ, ADD_DATE, MOD_DATE) VALUES('How much money do you spend on reading newspapers?', 1, '2014-10-10', '2014-10-10');
INSERT INTO N_QUESTION(NAME, TYPE_SEQ, ADD_DATE, MOD_DATE) VALUES('Which kind of newspaper do you like most?', 2, '2014-10-10', '2014-10-10');
INSERT INTO N_QUESTION(NAME, TYPE_SEQ, ADD_DATE, MOD_DATE) VALUES('Where do you often go when you are free?', 2, '2014-10-10', '2014-10-10');
INSERT INTO N_QUESTION(NAME, TYPE_SEQ, ADD_DATE, MOD_DATE) VALUES('Do you have any suggestions for us?', 3, '2014-10-10', '2014-10-10');


DROP TABLE IF EXISTS N_QUESTION_TYPE;
CREATE TABLE N_QUESTION_TYPE (
  SEQ INT AUTO_INCREMENT PRIMARY KEY,
  NAME VARCHAR(500)
);

INSERT INTO N_QUESTION_TYPE(NAME) VALUES('Single Choice');
INSERT INTO N_QUESTION_TYPE(NAME) VALUES('Multiple Choice');
INSERT INTO N_QUESTION_TYPE(NAME) VALUES('Short Answer');

DROP TABLE IF EXISTS N_ITEM;
CREATE TABLE N_ITEM (
  QUESTION_SEQ INT,
  ITEM VARCHAR(200)
);
INSERT INTO N_ITEM(QUESTION_SEQ, ITEM) VALUES(1, 'Male');
INSERT INTO N_ITEM(QUESTION_SEQ, ITEM) VALUES(1, 'Female');

INSERT INTO N_ITEM(QUESTION_SEQ, ITEM) VALUES(2, '0 - 20');
INSERT INTO N_ITEM(QUESTION_SEQ, ITEM) VALUES(2, '20 - 25');
INSERT INTO N_ITEM(QUESTION_SEQ, ITEM) VALUES(2, '25 - 30');
INSERT INTO N_ITEM(QUESTION_SEQ, ITEM) VALUES(2, '30 - 100');

INSERT INTO N_ITEM(QUESTION_SEQ, ITEM) VALUES(3, 'PHD');
INSERT INTO N_ITEM(QUESTION_SEQ, ITEM) VALUES(3, 'Master');
INSERT INTO N_ITEM(QUESTION_SEQ, ITEM) VALUES(3, 'Bachelor');
INSERT INTO N_ITEM(QUESTION_SEQ, ITEM) VALUES(3, 'High School');
INSERT INTO N_ITEM(QUESTION_SEQ, ITEM) VALUES(3, 'Middle School');
INSERT INTO N_ITEM(QUESTION_SEQ, ITEM) VALUES(3, 'Primary School');
INSERT INTO N_ITEM(QUESTION_SEQ, ITEM) VALUES(3, 'Keep secret');

INSERT INTO N_ITEM(QUESTION_SEQ, ITEM) VALUES(4, '0 - 100$');
INSERT INTO N_ITEM(QUESTION_SEQ, ITEM) VALUES(4, '100 - 500$');
INSERT INTO N_ITEM(QUESTION_SEQ, ITEM) VALUES(4, 'More than 500$');

INSERT INTO N_ITEM(QUESTION_SEQ, ITEM) VALUES(5, 'Global News');
INSERT INTO N_ITEM(QUESTION_SEQ, ITEM) VALUES(5, 'Local News');
INSERT INTO N_ITEM(QUESTION_SEQ, ITEM) VALUES(5, 'Entertainment');
INSERT INTO N_ITEM(QUESTION_SEQ, ITEM) VALUES(5, 'Science');
INSERT INTO N_ITEM(QUESTION_SEQ, ITEM) VALUES(5, 'Games');
INSERT INTO N_ITEM(QUESTION_SEQ, ITEM) VALUES(5, 'Sports');
INSERT INTO N_ITEM(QUESTION_SEQ, ITEM) VALUES(5, 'Beautiful Articles');

INSERT INTO N_ITEM(QUESTION_SEQ, ITEM) VALUES(6, 'Mall');
INSERT INTO N_ITEM(QUESTION_SEQ, ITEM) VALUES(6, 'Cinema');
INSERT INTO N_ITEM(QUESTION_SEQ, ITEM) VALUES(6, 'Theater');
INSERT INTO N_ITEM(QUESTION_SEQ, ITEM) VALUES(6, 'Home');
INSERT INTO N_ITEM(QUESTION_SEQ, ITEM) VALUES(6, 'Travel');
INSERT INTO N_ITEM(QUESTION_SEQ, ITEM) VALUES(6, 'Book Store');
INSERT INTO N_ITEM(QUESTION_SEQ, ITEM) VALUES(6, 'Village');


DROP TABLE IF EXISTS N_QUESTIONNAIRE;
CREATE TABLE N_QUESTIONNAIRE (
  SEQ INT AUTO_INCREMENT PRIMARY KEY,
  NAME VARCHAR(500),
  DESCRIPTION VARCHAR(1000),
  PROMOTION_SEQ INT,
  ADD_DATE VARCHAR(30),
  MOD_DATE VARCHAR(30),
  PUBLISHED TINYINT
);

INSERT INTO N_QUESTIONNAIRE(NAME, DESCRIPTION, PROMOTION_SEQ, ADD_DATE, MOD_DATE, PUBLISHED) VALUES('"Guangming Daily" market survey', 'Hello! We are students from NP Pillar. We make the newspaper market survey. Please choose the answer for the following questions according to your own situation. Your answers will be much helpful for us.', 3, '2014-10-10', '2014-10-10', 1);
INSERT INTO N_QUESTIONNAIRE(NAME, DESCRIPTION, PROMOTION_SEQ, ADD_DATE, MOD_DATE, PUBLISHED) VALUES('Market research on the newspapers for elderly.', 'Hello! We are students from NP Pillar. We make the newspaper market survey. Please choose the answer for the following questions according to your own situation. Your answers will be much helpful for us.', 4, '2014-10-10', '2014-10-10', 1);
INSERT INTO N_QUESTIONNAIRE(NAME, DESCRIPTION, PROMOTION_SEQ, ADD_DATE, MOD_DATE, PUBLISHED) VALUES('Market survey for newspaper "Times"', 'Hello! We are students from NP Pillar. We make the newspaper market survey. Please choose the answer for the following questions according to your own situation. Your answers will be much helpful for us.', 3, '2014-10-10', '2014-10-10', 1);


DROP TABLE IF EXISTS N_QUESTIONNAIRE_QUESTION;
CREATE TABLE N_QUESTIONNAIRE_QUESTION (
  QUESTIONNAIRE_SEQ INT,
  QUESTION_SEQ INT,
  INDEX_NUMBER INT
);
INSERT INTO N_QUESTIONNAIRE_QUESTION(QUESTIONNAIRE_SEQ, QUESTION_SEQ, INDEX_NUMBER) VALUES(1, 1, 0);
INSERT INTO N_QUESTIONNAIRE_QUESTION(QUESTIONNAIRE_SEQ, QUESTION_SEQ, INDEX_NUMBER) VALUES(1, 2, 1);
INSERT INTO N_QUESTIONNAIRE_QUESTION(QUESTIONNAIRE_SEQ, QUESTION_SEQ, INDEX_NUMBER) VALUES(1, 3, 2);
INSERT INTO N_QUESTIONNAIRE_QUESTION(QUESTIONNAIRE_SEQ, QUESTION_SEQ, INDEX_NUMBER) VALUES(1, 4, 3);
INSERT INTO N_QUESTIONNAIRE_QUESTION(QUESTIONNAIRE_SEQ, QUESTION_SEQ, INDEX_NUMBER) VALUES(1, 5, 4);
INSERT INTO N_QUESTIONNAIRE_QUESTION(QUESTIONNAIRE_SEQ, QUESTION_SEQ, INDEX_NUMBER) VALUES(1, 6, 5);
INSERT INTO N_QUESTIONNAIRE_QUESTION(QUESTIONNAIRE_SEQ, QUESTION_SEQ, INDEX_NUMBER) VALUES(1, 7, 6);

INSERT INTO N_QUESTIONNAIRE_QUESTION(QUESTIONNAIRE_SEQ, QUESTION_SEQ, INDEX_NUMBER) VALUES(2, 1, 0);
INSERT INTO N_QUESTIONNAIRE_QUESTION(QUESTIONNAIRE_SEQ, QUESTION_SEQ, INDEX_NUMBER) VALUES(2, 2, 1);
INSERT INTO N_QUESTIONNAIRE_QUESTION(QUESTIONNAIRE_SEQ, QUESTION_SEQ, INDEX_NUMBER) VALUES(2, 3, 2);
INSERT INTO N_QUESTIONNAIRE_QUESTION(QUESTIONNAIRE_SEQ, QUESTION_SEQ, INDEX_NUMBER) VALUES(2, 4, 3);
INSERT INTO N_QUESTIONNAIRE_QUESTION(QUESTIONNAIRE_SEQ, QUESTION_SEQ, INDEX_NUMBER) VALUES(2, 5, 4);
INSERT INTO N_QUESTIONNAIRE_QUESTION(QUESTIONNAIRE_SEQ, QUESTION_SEQ, INDEX_NUMBER) VALUES(2, 6, 5);
INSERT INTO N_QUESTIONNAIRE_QUESTION(QUESTIONNAIRE_SEQ, QUESTION_SEQ, INDEX_NUMBER) VALUES(2, 7, 6);

INSERT INTO N_QUESTIONNAIRE_QUESTION(QUESTIONNAIRE_SEQ, QUESTION_SEQ, INDEX_NUMBER) VALUES(3, 1, 0);
INSERT INTO N_QUESTIONNAIRE_QUESTION(QUESTIONNAIRE_SEQ, QUESTION_SEQ, INDEX_NUMBER) VALUES(3, 2, 1);
INSERT INTO N_QUESTIONNAIRE_QUESTION(QUESTIONNAIRE_SEQ, QUESTION_SEQ, INDEX_NUMBER) VALUES(3, 3, 2);
INSERT INTO N_QUESTIONNAIRE_QUESTION(QUESTIONNAIRE_SEQ, QUESTION_SEQ, INDEX_NUMBER) VALUES(3, 4, 3);
INSERT INTO N_QUESTIONNAIRE_QUESTION(QUESTIONNAIRE_SEQ, QUESTION_SEQ, INDEX_NUMBER) VALUES(3, 5, 4);
INSERT INTO N_QUESTIONNAIRE_QUESTION(QUESTIONNAIRE_SEQ, QUESTION_SEQ, INDEX_NUMBER) VALUES(3, 6, 5);
INSERT INTO N_QUESTIONNAIRE_QUESTION(QUESTIONNAIRE_SEQ, QUESTION_SEQ, INDEX_NUMBER) VALUES(3, 7, 6);


DROP TABLE IF EXISTS N_QUESTIONNAIRE_RECORD;
CREATE TABLE N_QUESTIONNAIRE_RECORD (
  SEQ INT AUTO_INCREMENT PRIMARY KEY,
  QUESTIONNAIRE_SEQ INT,
  ADD_DATE VARCHAR(40),
  ECLAPSED_TIME INT,
  IP VARCHAR(40)
);

INSERT INTO N_QUESTIONNAIRE_RECORD(QUESTIONNAIRE_SEQ, ADD_DATE, ECLAPSED_TIME, IP) VALUES(1, '2014-10-10 10:10:10', 50, '172.26.142.74');
INSERT INTO N_QUESTIONNAIRE_RECORD(QUESTIONNAIRE_SEQ, ADD_DATE, ECLAPSED_TIME, IP) VALUES(1, '2014-10-11 11:10:10', 60, '172.26.142.74');
INSERT INTO N_QUESTIONNAIRE_RECORD(QUESTIONNAIRE_SEQ, ADD_DATE, ECLAPSED_TIME, IP) VALUES(1, '2014-10-12 12:10:10', 70, '172.26.142.74');
INSERT INTO N_QUESTIONNAIRE_RECORD(QUESTIONNAIRE_SEQ, ADD_DATE, ECLAPSED_TIME, IP) VALUES(1, '2014-10-13 13:10:10', 80, '172.26.142.74');


DROP TABLE IF EXISTS N_QUESTION_LOG;
CREATE TABLE N_QUESTION_LOG
(
  RECORD_SEQ INT,
  QUESTION_SEQ INT,
  ITEM VARCHAR(200),
  ANSWER VARCHAR(500)
);
INSERT INTO N_QUESTION_LOG(RECORD_SEQ, QUESTION_SEQ, ITEM, ANSWER) VALUES(1, 1, 'Male', '');
INSERT INTO N_QUESTION_LOG(RECORD_SEQ, QUESTION_SEQ, ITEM, ANSWER) VALUES(2, 1, 'Female', '');
INSERT INTO N_QUESTION_LOG(RECORD_SEQ, QUESTION_SEQ, ITEM, ANSWER) VALUES(3, 1, 'Female', '');
INSERT INTO N_QUESTION_LOG(RECORD_SEQ, QUESTION_SEQ, ITEM, ANSWER) VALUES(4, 1, 'Female', '');

INSERT INTO N_QUESTION_LOG(RECORD_SEQ, QUESTION_SEQ, ITEM, ANSWER) VALUES(1, 2, '0 - 20', '');
INSERT INTO N_QUESTION_LOG(RECORD_SEQ, QUESTION_SEQ, ITEM, ANSWER) VALUES(2, 2, '20 - 25', '');
INSERT INTO N_QUESTION_LOG(RECORD_SEQ, QUESTION_SEQ, ITEM, ANSWER) VALUES(3, 2, '25 - 30', '');
INSERT INTO N_QUESTION_LOG(RECORD_SEQ, QUESTION_SEQ, ITEM, ANSWER) VALUES(4, 2, '30 - 100', '');

INSERT INTO N_QUESTION_LOG(RECORD_SEQ, QUESTION_SEQ, ITEM, ANSWER) VALUES(1, 3, 'PHD', '');
INSERT INTO N_QUESTION_LOG(RECORD_SEQ, QUESTION_SEQ, ITEM, ANSWER) VALUES(2, 3, 'Master', '');
INSERT INTO N_QUESTION_LOG(RECORD_SEQ, QUESTION_SEQ, ITEM, ANSWER) VALUES(3, 3, 'High School', '');
INSERT INTO N_QUESTION_LOG(RECORD_SEQ, QUESTION_SEQ, ITEM, ANSWER) VALUES(4, 3, 'High School', '');

INSERT INTO N_QUESTION_LOG(RECORD_SEQ, QUESTION_SEQ, ITEM, ANSWER) VALUES(1, 4, '0 - 100$', '');
INSERT INTO N_QUESTION_LOG(RECORD_SEQ, QUESTION_SEQ, ITEM, ANSWER) VALUES(2, 4, '100 - 500$', '');
INSERT INTO N_QUESTION_LOG(RECORD_SEQ, QUESTION_SEQ, ITEM, ANSWER) VALUES(3, 4, '100 - 500$', '');
INSERT INTO N_QUESTION_LOG(RECORD_SEQ, QUESTION_SEQ, ITEM, ANSWER) VALUES(4, 4, 'More than 500$', '');

INSERT INTO N_QUESTION_LOG(RECORD_SEQ, QUESTION_SEQ, ITEM, ANSWER) VALUES(1, 5, 'Global News', '');
INSERT INTO N_QUESTION_LOG(RECORD_SEQ, QUESTION_SEQ, ITEM, ANSWER) VALUES(1, 5, 'Local News', '');
INSERT INTO N_QUESTION_LOG(RECORD_SEQ, QUESTION_SEQ, ITEM, ANSWER) VALUES(2, 5, 'Entertainment', '');
INSERT INTO N_QUESTION_LOG(RECORD_SEQ, QUESTION_SEQ, ITEM, ANSWER) VALUES(2, 5, 'Science', '');
INSERT INTO N_QUESTION_LOG(RECORD_SEQ, QUESTION_SEQ, ITEM, ANSWER) VALUES(3, 5, 'Games', '');
INSERT INTO N_QUESTION_LOG(RECORD_SEQ, QUESTION_SEQ, ITEM, ANSWER) VALUES(3, 5, 'Science', '');
INSERT INTO N_QUESTION_LOG(RECORD_SEQ, QUESTION_SEQ, ITEM, ANSWER) VALUES(4, 5, 'Sports', '');

INSERT INTO N_QUESTION_LOG(RECORD_SEQ, QUESTION_SEQ, ITEM, ANSWER) VALUES(1, 6, 'Mall', '');
INSERT INTO N_QUESTION_LOG(RECORD_SEQ, QUESTION_SEQ, ITEM, ANSWER) VALUES(1, 6, 'Home', '');
INSERT INTO N_QUESTION_LOG(RECORD_SEQ, QUESTION_SEQ, ITEM, ANSWER) VALUES(2, 6, 'Book Store', '');
INSERT INTO N_QUESTION_LOG(RECORD_SEQ, QUESTION_SEQ, ITEM, ANSWER) VALUES(2, 6, 'Village', '');
INSERT INTO N_QUESTION_LOG(RECORD_SEQ, QUESTION_SEQ, ITEM, ANSWER) VALUES(3, 6, 'Book Store', '');
INSERT INTO N_QUESTION_LOG(RECORD_SEQ, QUESTION_SEQ, ITEM, ANSWER) VALUES(3, 6, 'Mall', '');
INSERT INTO N_QUESTION_LOG(RECORD_SEQ, QUESTION_SEQ, ITEM, ANSWER) VALUES(4, 6, 'Village', '');
INSERT INTO N_QUESTION_LOG(RECORD_SEQ, QUESTION_SEQ, ITEM, ANSWER) VALUES(4, 6, 'Cinema', '');

INSERT INTO N_QUESTION_LOG(RECORD_SEQ, QUESTION_SEQ, ITEM, ANSWER) VALUES(1, 7, '', 'Answer for this question.');
INSERT INTO N_QUESTION_LOG(RECORD_SEQ, QUESTION_SEQ, ITEM, ANSWER) VALUES(2, 7, '', 'Answer for this question.');
INSERT INTO N_QUESTION_LOG(RECORD_SEQ, QUESTION_SEQ, ITEM, ANSWER) VALUES(3, 7, '', 'Answer for this question.');
INSERT INTO N_QUESTION_LOG(RECORD_SEQ, QUESTION_SEQ, ITEM, ANSWER) VALUES(4, 7, '', 'Answer for this question.');

DROP TABLE IF EXISTS S_TEMPLATE;
CREATE TABLE S_TEMPLATE (
  SEQ INT AUTO_INCREMENT PRIMARY KEY,
  NAME VARCHAR(500)
);

INSERT INTO S_TEMPLATE(NAME) VALUES('Mid Year Review');
INSERT INTO S_TEMPLATE(NAME) VALUES('Performance Management Review');
INSERT INTO S_TEMPLATE(NAME) VALUES('Annual Employee Performance Review');
INSERT INTO S_TEMPLATE(NAME) VALUES('Performance and Development Plan');
INSERT INTO S_TEMPLATE(NAME) VALUES('End of Year Individual Performance');
INSERT INTO S_TEMPLATE(NAME) VALUES('Annual Performance Review 2014-2015');

DROP TABLE IF EXISTS S_APPRAISAL;
CREATE TABLE S_APPRAISAL (
  SEQ INT AUTO_INCREMENT PRIMARY KEY,
  EMPLOYEE_ID VARCHAR(40),
  DATE_FROM VARCHAR(50),
  DATE_TO VARCHAR(50),
  DUE VARCHAR(50),
  DESCRIPTION VARCHAR(200),
  TEMPLATE_SEQ INT,
  CWEIGHT DECIMAL(5, 2),
  GWEIGHT DECIMAL(5, 2),
  QWEIGHT DECIMAL(5, 2)
);

INSERT INTO S_APPRAISAL(EMPLOYEE_ID, DATE_FROM, DATE_TO, DUE, DESCRIPTION, TEMPLATE_SEQ, CWEIGHT, GWEIGHT, QWEIGHT) VALUES(10001, '2014-09-01', '2014-11-01', '2014-11-03', 'Q3 Review', 2, 50, 50, 0);
INSERT INTO S_APPRAISAL(EMPLOYEE_ID, DATE_FROM, DATE_TO, DUE, DESCRIPTION, TEMPLATE_SEQ, CWEIGHT, GWEIGHT, QWEIGHT) VALUES(10002, '2014-03-01', '2014-07-01', '2014-07-03', 'Q2 Review', 1, 30, 50, 20);
INSERT INTO S_APPRAISAL(EMPLOYEE_ID, DATE_FROM, DATE_TO, DUE, DESCRIPTION, TEMPLATE_SEQ, CWEIGHT, GWEIGHT, QWEIGHT) VALUES(10003, '2014-01-01', '2014-04-01', '2014-04-03', 'Q1 Review', 3, 30, 30, 40);


DROP TABLE IF EXISTS S_APPRAISAL_REVIEWER;
CREATE TABLE S_APPRAISAL_REVIEWER (
  APPRAISAL_SEQ INT,
  EMPLOYEE_ID VARCHAR(40),
  EG_SEQ INT
);
INSERT INTO S_APPRAISAL_REVIEWER(APPRAISAL_SEQ, EMPLOYEE_ID, EG_SEQ) VALUES (1, 10002, 1);
INSERT INTO S_APPRAISAL_REVIEWER(APPRAISAL_SEQ, EMPLOYEE_ID, EG_SEQ) VALUES (1, 10003, 1);
INSERT INTO S_APPRAISAL_REVIEWER(APPRAISAL_SEQ, EMPLOYEE_ID, EG_SEQ) VALUES (1, 10004, 1);

INSERT INTO S_APPRAISAL_REVIEWER(APPRAISAL_SEQ, EMPLOYEE_ID, EG_SEQ) VALUES (2, 10005, 1);
INSERT INTO S_APPRAISAL_REVIEWER(APPRAISAL_SEQ, EMPLOYEE_ID, EG_SEQ) VALUES (2, 10006, 1);
INSERT INTO S_APPRAISAL_REVIEWER(APPRAISAL_SEQ, EMPLOYEE_ID, EG_SEQ) VALUES (2, 10007, 1);

INSERT INTO S_APPRAISAL_REVIEWER(APPRAISAL_SEQ, EMPLOYEE_ID, EG_SEQ) VALUES (3, 10001, 1);
INSERT INTO S_APPRAISAL_REVIEWER(APPRAISAL_SEQ, EMPLOYEE_ID, EG_SEQ) VALUES (3, 10002, 1);
INSERT INTO S_APPRAISAL_REVIEWER(APPRAISAL_SEQ, EMPLOYEE_ID, EG_SEQ) VALUES (3, 10007, 1);


DROP TABLE IF EXISTS S_AC_LOG;
CREATE TABLE S_AC_LOG (
  APPRAISAL_SEQ INT,
  EMPLOYEE_ID VARCHAR(40),
  COMPETENCY_SEQ INT,
  RATE SMALLINT,
  COMMENTS VARCHAR(500)
);
INSERT INTO S_AC_LOG(APPRAISAL_SEQ, EMPLOYEE_ID, COMPETENCY_SEQ, RATE, COMMENTS) VALUES(1, 10002, 1, 10, 'Comment about this competency');
INSERT INTO S_AC_LOG(APPRAISAL_SEQ, EMPLOYEE_ID, COMPETENCY_SEQ, RATE, COMMENTS) VALUES(1, 10002, 2, 8, 'Comment about this competency');
INSERT INTO S_AC_LOG(APPRAISAL_SEQ, EMPLOYEE_ID, COMPETENCY_SEQ, RATE, COMMENTS) VALUES(1, 10002, 3, 7, 'Comment about this competency');
INSERT INTO S_AC_LOG(APPRAISAL_SEQ, EMPLOYEE_ID, COMPETENCY_SEQ, RATE, COMMENTS) VALUES(1, 10002, 4, 6, 'Comment about this competency');

INSERT INTO S_AC_LOG(APPRAISAL_SEQ, EMPLOYEE_ID, COMPETENCY_SEQ, RATE, COMMENTS) VALUES(1, 10003, 1, 8, 'Comment about this competency');
INSERT INTO S_AC_LOG(APPRAISAL_SEQ, EMPLOYEE_ID, COMPETENCY_SEQ, RATE, COMMENTS) VALUES(1, 10003, 2, 7, 'Comment about this competency');
INSERT INTO S_AC_LOG(APPRAISAL_SEQ, EMPLOYEE_ID, COMPETENCY_SEQ, RATE, COMMENTS) VALUES(1, 10003, 3, 6, 'Comment about this competency');
INSERT INTO S_AC_LOG(APPRAISAL_SEQ, EMPLOYEE_ID, COMPETENCY_SEQ, RATE, COMMENTS) VALUES(1, 10003, 4, 5, 'Comment about this competency');

INSERT INTO S_AC_LOG(APPRAISAL_SEQ, EMPLOYEE_ID, COMPETENCY_SEQ, RATE, COMMENTS) VALUES(1, 10004, 1, 7, 'Comment about this competency');
INSERT INTO S_AC_LOG(APPRAISAL_SEQ, EMPLOYEE_ID, COMPETENCY_SEQ, RATE, COMMENTS) VALUES(1, 10004, 2, 6, 'Comment about this competency');
INSERT INTO S_AC_LOG(APPRAISAL_SEQ, EMPLOYEE_ID, COMPETENCY_SEQ, RATE, COMMENTS) VALUES(1, 10004, 3, 5, 'Comment about this competency');
INSERT INTO S_AC_LOG(APPRAISAL_SEQ, EMPLOYEE_ID, COMPETENCY_SEQ, RATE, COMMENTS) VALUES(1, 10004, 4, 4, 'Comment about this competency');



DROP TABLE IF EXISTS S_AG_LOG;
CREATE TABLE S_AG_LOG (
  APPRAISAL_SEQ INT,
  EMPLOYEE_ID VARCHAR(40),
  GOAL_SEQ INT,
  RATE SMALLINT,
  COMMENTS VARCHAR(500)
);

INSERT INTO S_AG_LOG(APPRAISAL_SEQ, EMPLOYEE_ID, GOAL_SEQ, RATE, COMMENTS) VALUES(1, 10002, 1, 1, 'Comment about this goal');
INSERT INTO S_AG_LOG(APPRAISAL_SEQ, EMPLOYEE_ID, GOAL_SEQ, RATE, COMMENTS) VALUES(1, 10002, 2, 2, 'Comment about this goal');
INSERT INTO S_AG_LOG(APPRAISAL_SEQ, EMPLOYEE_ID, GOAL_SEQ, RATE, COMMENTS) VALUES(1, 10002, 3, 3, 'Comment about this goal');
INSERT INTO S_AG_LOG(APPRAISAL_SEQ, EMPLOYEE_ID, GOAL_SEQ, RATE, COMMENTS) VALUES(1, 10002, 4, 4, 'Comment about this goal');

INSERT INTO S_AG_LOG(APPRAISAL_SEQ, EMPLOYEE_ID, GOAL_SEQ, RATE, COMMENTS) VALUES(1, 10003, 1, 5, 'Comment about this goal');
INSERT INTO S_AG_LOG(APPRAISAL_SEQ, EMPLOYEE_ID, GOAL_SEQ, RATE, COMMENTS) VALUES(1, 10003, 2, 6, 'Comment about this goal');
INSERT INTO S_AG_LOG(APPRAISAL_SEQ, EMPLOYEE_ID, GOAL_SEQ, RATE, COMMENTS) VALUES(1, 10003, 3, 7, 'Comment about this goal');
INSERT INTO S_AG_LOG(APPRAISAL_SEQ, EMPLOYEE_ID, GOAL_SEQ, RATE, COMMENTS) VALUES(1, 10003, 4, 8, 'Comment about this goal');

INSERT INTO S_AG_LOG(APPRAISAL_SEQ, EMPLOYEE_ID, GOAL_SEQ, RATE, COMMENTS) VALUES(1, 10004, 1, 9, 'Comment about this goal');
INSERT INTO S_AG_LOG(APPRAISAL_SEQ, EMPLOYEE_ID, GOAL_SEQ, RATE, COMMENTS) VALUES(1, 10004, 2, 10, 'Comment about this goal');
INSERT INTO S_AG_LOG(APPRAISAL_SEQ, EMPLOYEE_ID, GOAL_SEQ, RATE, COMMENTS) VALUES(1, 10004, 3, 1, 'Comment about this goal');
INSERT INTO S_AG_LOG(APPRAISAL_SEQ, EMPLOYEE_ID, GOAL_SEQ, RATE, COMMENTS) VALUES(1, 10004, 4, 2, 'Comment about this goal');



DROP TABLE IF EXISTS S_AQ_LOG;
CREATE TABLE S_AQ_LOG (
  APPRAISAL_SEQ INT,
  EMPLOYEE_ID VARCHAR(40),
  QUESTION_SEQ INT,
  RATE SMALLINT,
  COMMENTS VARCHAR(2000)
);

INSERT INTO S_AQ_LOG(APPRAISAL_SEQ, EMPLOYEE_ID, QUESTION_SEQ, RATE, COMMENTS) VALUES(1, 10002, 1, 3, 'Comment about this question');
INSERT INTO S_AQ_LOG(APPRAISAL_SEQ, EMPLOYEE_ID, QUESTION_SEQ, RATE, COMMENTS) VALUES(1, 10002, 2, 4, 'Comment about this question');
INSERT INTO S_AQ_LOG(APPRAISAL_SEQ, EMPLOYEE_ID, QUESTION_SEQ, RATE, COMMENTS) VALUES(1, 10002, 3, 5, 'Comment about this question');
INSERT INTO S_AQ_LOG(APPRAISAL_SEQ, EMPLOYEE_ID, QUESTION_SEQ, RATE, COMMENTS) VALUES(1, 10002, 4, 6, 'Comment about this question');
INSERT INTO S_AQ_LOG(APPRAISAL_SEQ, EMPLOYEE_ID, QUESTION_SEQ, RATE, COMMENTS) VALUES(1, 10002, 5, 7, 'Comment about this question');


INSERT INTO S_AQ_LOG(APPRAISAL_SEQ, EMPLOYEE_ID, QUESTION_SEQ, RATE, COMMENTS) VALUES(1, 10003, 1, 7, 'Comment about this question');
INSERT INTO S_AQ_LOG(APPRAISAL_SEQ, EMPLOYEE_ID, QUESTION_SEQ, RATE, COMMENTS) VALUES(1, 10003, 2, 8, 'Comment about this question');
INSERT INTO S_AQ_LOG(APPRAISAL_SEQ, EMPLOYEE_ID, QUESTION_SEQ, RATE, COMMENTS) VALUES(1, 10003, 3, 9, 'Comment about this question');
INSERT INTO S_AQ_LOG(APPRAISAL_SEQ, EMPLOYEE_ID, QUESTION_SEQ, RATE, COMMENTS) VALUES(1, 10003, 4, 10, 'Comment about this question');
INSERT INTO S_AQ_LOG(APPRAISAL_SEQ, EMPLOYEE_ID, QUESTION_SEQ, RATE, COMMENTS) VALUES(1, 10003, 5, 1, 'Comment about this question');


INSERT INTO S_AQ_LOG(APPRAISAL_SEQ, EMPLOYEE_ID, QUESTION_SEQ, RATE, COMMENTS) VALUES(1, 10004, 1, 1, 'Comment about this question');
INSERT INTO S_AQ_LOG(APPRAISAL_SEQ, EMPLOYEE_ID, QUESTION_SEQ, RATE, COMMENTS) VALUES(1, 10004, 2, 2, 'Comment about this question');
INSERT INTO S_AQ_LOG(APPRAISAL_SEQ, EMPLOYEE_ID, QUESTION_SEQ, RATE, COMMENTS) VALUES(1, 10004, 3, 3, 'Comment about this question');
INSERT INTO S_AQ_LOG(APPRAISAL_SEQ, EMPLOYEE_ID, QUESTION_SEQ, RATE, COMMENTS) VALUES(1, 10004, 4, 4, 'Comment about this question');
INSERT INTO S_AQ_LOG(APPRAISAL_SEQ, EMPLOYEE_ID, QUESTION_SEQ, RATE, COMMENTS) VALUES(1, 10004, 5, 5, 'Comment about this question');


DROP TABLE IF EXISTS S_APPRAISAL_COMPETENCY;
CREATE TABLE S_APPRAISAL_COMPETENCY (
  APPRAISAL_SEQ INT,
  COMPETENCY_SEQ INT,
  RATIO SMALLINT
);
INSERT INTO S_APPRAISAL_COMPETENCY(APPRAISAL_SEQ, COMPETENCY_SEQ, RATIO) VALUES(1, 1, 10);
INSERT INTO S_APPRAISAL_COMPETENCY(APPRAISAL_SEQ, COMPETENCY_SEQ, RATIO) VALUES(1, 2, 20);
INSERT INTO S_APPRAISAL_COMPETENCY(APPRAISAL_SEQ, COMPETENCY_SEQ, RATIO) VALUES(1, 3, 30);
INSERT INTO S_APPRAISAL_COMPETENCY(APPRAISAL_SEQ, COMPETENCY_SEQ, RATIO) VALUES(1, 4, 40);


DROP TABLE IF EXISTS S_APPRAISAL_GOAL;
CREATE TABLE S_APPRAISAL_GOAL (
  APPRAISAL_SEQ INT,
  GOAL_SEQ INT,
  RATIO SMALLINT
);
INSERT INTO S_APPRAISAL_GOAL(APPRAISAL_SEQ, GOAL_SEQ, RATIO) VALUES (1, 1, 40);
INSERT INTO S_APPRAISAL_GOAL(APPRAISAL_SEQ, GOAL_SEQ, RATIO) VALUES (1, 2, 30);
INSERT INTO S_APPRAISAL_GOAL(APPRAISAL_SEQ, GOAL_SEQ, RATIO) VALUES (1, 3, 20);
INSERT INTO S_APPRAISAL_GOAL(APPRAISAL_SEQ, GOAL_SEQ, RATIO) VALUES (1, 4, 10);


DROP TABLE IF EXISTS S_APPRAISAL_QUESTION;
CREATE TABLE S_APPRAISAL_QUESTION (
  APPRAISAL_SEQ INT,
  QUESTION_SEQ INT,
  RATIO SMALLINT
);
INSERT INTO S_APPRAISAL_QUESTION(APPRAISAL_SEQ, QUESTION_SEQ, RATIO) VALUES(1, 1, 20);
INSERT INTO S_APPRAISAL_QUESTION(APPRAISAL_SEQ, QUESTION_SEQ, RATIO) VALUES(1, 2, 20);
INSERT INTO S_APPRAISAL_QUESTION(APPRAISAL_SEQ, QUESTION_SEQ, RATIO) VALUES(1, 3, 10);
INSERT INTO S_APPRAISAL_QUESTION(APPRAISAL_SEQ, QUESTION_SEQ, RATIO) VALUES(1, 4, 30);
INSERT INTO S_APPRAISAL_QUESTION(APPRAISAL_SEQ, QUESTION_SEQ, RATIO) VALUES(1, 5, 20);


DROP TABLE IF EXISTS S_GOAL_STATUS;
CREATE TABLE S_GOAL_STATUS (
  SEQ INT AUTO_INCREMENT PRIMARY KEY,
  NAME VARCHAR(50)
);

DROP TABLE IF EXISTS S_GOAL_TYPE;
CREATE TABLE S_GOAL_TYPE (
  SEQ INT AUTO_INCREMENT PRIMARY KEY,
  NAME VARCHAR(50)
);

DROP TABLE IF EXISTS S_REMINDER;
CREATE TABLE S_REMINDER (
  SEQ INT AUTO_INCREMENT PRIMARY KEY,
  NAME VARCHAR(50)
);

INSERT INTO S_REMINDER(NAME) VALUES('None');
INSERT INTO S_REMINDER(NAME) VALUES('5 Minutes Before');
INSERT INTO S_REMINDER(NAME) VALUES('10 Minutes Before');
INSERT INTO S_REMINDER(NAME) VALUES('Half an hour Before');
INSERT INTO S_REMINDER(NAME) VALUES('1 hour Before');
INSERT INTO S_REMINDER(NAME) VALUES('2 hours Before');
INSERT INTO S_REMINDER(NAME) VALUES('Half a day Before');
INSERT INTO S_REMINDER(NAME) VALUES('1 day Before');


DROP TABLE IF EXISTS S_JOBCATEGORY;
CREATE TABLE S_JOBCATEGORY (
  SEQ INT AUTO_INCREMENT PRIMARY KEY,
  NAME VARCHAR(50)
);

DROP TABLE IF EXISTS S_JOBTITLE;
CREATE TABLE S_JOBTITLE (
  SEQ INT AUTO_INCREMENT PRIMARY KEY,
  NAME VARCHAR(100),
  DESCRIPTION VARCHAR(500),
  NOTE VARCHAR(500)
);

DROP TABLE IF EXISTS S_COMPETENCY;
CREATE TABLE S_COMPETENCY (
  SEQ INT AUTO_INCREMENT PRIMARY KEY,
  NAME VARCHAR(100),
  DESCRIPTION VARCHAR(500)
);

DROP TABLE IF EXISTS S_POSITION;
CREATE TABLE S_POSITION (
  SEQ INT AUTO_INCREMENT PRIMARY KEY,
  NAME VARCHAR(50),
  DESCRIPTION VARCHAR(200)
);

DROP TABLE IF EXISTS S_PUNCH;
CREATE TABLE S_PUNCH (
  SEQ INT AUTO_INCREMENT PRIMARY KEY,
  EMPLOYEEID VARCHAR(40),
  INTIME VARCHAR(30),
  INNOTE VARCHAR(200),
  OUTTIME VARCHAR(30),
  OUTNOTE VARCHAR(200)
);

DROP TABLE IF EXISTS S_SEX;
CREATE TABLE S_SEX (
  NAME VARCHAR(30) PRIMARY KEY
);

DROP TABLE IF EXISTS S_SCHEDULE;
CREATE TABLE S_SCHEDULE
(
	ID VARCHAR(100) PRIMARY KEY,
	EMPLOYEE_ID VARCHAR(20),
	TITLE VARCHAR(50),
	DATE_FROM VARCHAR(30),
	DATE_TO VARCHAR(30),
	REMINDER_SEQ INT,
	NOTE VARCHAR(200),
	COMPLETE SMALLINT,
	NOTIFICATION SMALLINT,
	EMAIL VARCHAR(100)
);
INSERT INTO S_SCHEDULE(ID, EMPLOYEE_ID, TITLE, DATE_FROM, DATE_TO, REMINDER_SEQ, NOTE, COMPLETE, NOTIFICATION, EMAIL) VALUES (1, 10001, 'Meeting with client', '2014-11-09 10:00:00', '2014-11-09 12:00:00', 2, 'At meeting room on 22F', 1, 1, 'allen@worksap.co.jp');
INSERT INTO S_SCHEDULE(ID, EMPLOYEE_ID, TITLE, DATE_FROM, DATE_TO, REMINDER_SEQ, NOTE, COMPLETE, NOTIFICATION, EMAIL) VALUES (2, 10001, 'Make Issue 2 for Fortune', '2014-11-11 09:00:00', '2014-11-11 12:00:00', 3, 'At office', 0, 1, 'allen@worksap.co.jp');
INSERT INTO S_SCHEDULE(ID, EMPLOYEE_ID, TITLE, DATE_FROM, DATE_TO, REMINDER_SEQ, NOTE, COMPLETE, NOTIFICATION, EMAIL) VALUES (3, 10001, 'Promotion activity at Jiaotong University', '2014-11-12 11:00:00', '2014-11-12 12:00:00', 2, 'At Jiaotong university', 0, 1, 'allen@worksap.co.jp');


DROP TABLE IF EXISTS S_TRACKER;
CREATE TABLE S_TRACKER (
  SEQ INT AUTO_INCREMENT PRIMARY KEY,
  NAME VARCHAR(200),
  EMPLOYEE_ID VARCHAR(40),
  ADD_DATE VARCHAR(30),
  MOD_DATE VARCHAR(30)
);

INSERT INTO S_TRACKER(NAME, EMPLOYEE_ID, ADD_DATE, MOD_DATE) VALUES('Tracker for Allen', '10001', '2014-09-10 11:11:11', '2014-10-10 11:11:11');
INSERT INTO S_TRACKER(NAME, EMPLOYEE_ID, ADD_DATE, MOD_DATE) VALUES('Tracker for Byron', '10002', '2014-08-10 11:11:11', '2014-10-10 11:11:11');
INSERT INTO S_TRACKER(NAME, EMPLOYEE_ID, ADD_DATE, MOD_DATE) VALUES('Tracker for Lei', '10004', '2014-07-10 11:11:11', '2014-10-10 11:11:11');


DROP TABLE IF EXISTS S_TRACKER_REVIEWER;
CREATE TABLE S_TRACKER_REVIEWER (
  TRACKER_SEQ INT,
  EMPLOYEE_ID VARCHAR(40)
);
INSERT INTO S_TRACKER_REVIEWER(TRACKER_SEQ, EMPLOYEE_ID) VALUES(1, '10002');
INSERT INTO S_TRACKER_REVIEWER(TRACKER_SEQ, EMPLOYEE_ID) VALUES(1, '10003');
INSERT INTO S_TRACKER_REVIEWER(TRACKER_SEQ, EMPLOYEE_ID) VALUES(1, '10004');

INSERT INTO S_TRACKER_REVIEWER(TRACKER_SEQ, EMPLOYEE_ID) VALUES(2, '10004');
INSERT INTO S_TRACKER_REVIEWER(TRACKER_SEQ, EMPLOYEE_ID) VALUES(2, '10005');
INSERT INTO S_TRACKER_REVIEWER(TRACKER_SEQ, EMPLOYEE_ID) VALUES(2, '10006');

INSERT INTO S_TRACKER_REVIEWER(TRACKER_SEQ, EMPLOYEE_ID) VALUES(3, '10007');
INSERT INTO S_TRACKER_REVIEWER(TRACKER_SEQ, EMPLOYEE_ID) VALUES(3, '10001');
INSERT INTO S_TRACKER_REVIEWER(TRACKER_SEQ, EMPLOYEE_ID) VALUES(3, '10008');


DROP TABLE IF EXISTS S_TRACKER_LOG;
CREATE TABLE S_TRACKER_LOG (
  SEQ INT AUTO_INCREMENT PRIMARY KEY,
  TRACKER_SEQ INT,
  EMPLOYEE_ID VARCHAR(40),
  LOG VARCHAR(200),
  COMMENTS VARCHAR(1000),
  PERFORMANCE_SEQ INT,
  ADD_DATE VARCHAR(30),
  MOD_DATE VARCHAR(30)
);

INSERT INTO S_TRACKER_LOG(TRACKER_SEQ, EMPLOYEE_ID, LOG, COMMENTS, PERFORMANCE_SEQ, ADD_DATE, MOD_DATE) VALUES(1, '10002', 'Evaluation for Tech Skills', 'Good', 1, '2014-09-10 11:11:11', '2014-09-11 11:11:11');
INSERT INTO S_TRACKER_LOG(TRACKER_SEQ, EMPLOYEE_ID, LOG, COMMENTS, PERFORMANCE_SEQ, ADD_DATE, MOD_DATE) VALUES(1, '10002', 'Evaluation for Communication Skills', 'Pool', 2, '2014-09-10 11:11:11', '2014-09-11 11:11:11');
INSERT INTO S_TRACKER_LOG(TRACKER_SEQ, EMPLOYEE_ID, LOG, COMMENTS, PERFORMANCE_SEQ, ADD_DATE, MOD_DATE) VALUES(1, '10003', 'Evaluation for Motivation', 'Perfect', 1, '2014-09-10 11:11:11', '2014-09-11 11:11:11');



DROP TABLE IF EXISTS S_PERFORMANCE;
CREATE TABLE S_PERFORMANCE (
  SEQ INT AUTO_INCREMENT PRIMARY KEY,
  NAME VARCHAR(40)
);

INSERT INTO S_PERFORMANCE(NAME) VALUES('Positive');
INSERT INTO S_PERFORMANCE(NAME) VALUES('Negtive');

DROP TABLE IF EXISTS S_TASK;
CREATE TABLE S_TASK (
  SEQ INT AUTO_INCREMENT PRIMARY KEY,
  NAME VARCHAR(40),
  DESCRIPTION VARCHAR(1000)
);

INSERT INTO S_TASK(NAME, DESCRIPTION) VALUES('Make Issue 1 For Times', 'Make the first issue for newspaper Times');
INSERT INTO S_TASK(NAME, DESCRIPTION) VALUES('Buy Papers', 'Buy papers to make newspapers');


DROP TABLE IF EXISTS S_TASK_ADMIN;
CREATE TABLE S_TASK_ADMIN (
  TASK_SEQ INT,
  EMPLOYEE_ID VARCHAR(30)
);
INSERT INTO S_TASK_ADMIN(TASK_SEQ, EMPLOYEE_ID) VALUES(1, 10001);
INSERT INTO S_TASK_ADMIN(TASK_SEQ, EMPLOYEE_ID) VALUES(1, 10002);
INSERT INTO S_TASK_ADMIN(TASK_SEQ, EMPLOYEE_ID) VALUES(1, 10003);

INSERT INTO S_TASK_ADMIN(TASK_SEQ, EMPLOYEE_ID) VALUES(2, 10004);
INSERT INTO S_TASK_ADMIN(TASK_SEQ, EMPLOYEE_ID) VALUES(2, 10005);
INSERT INTO S_TASK_ADMIN(TASK_SEQ, EMPLOYEE_ID) VALUES(2, 10006);


DROP TABLE IF EXISTS S_ACTIVITY;
CREATE TABLE S_ACTIVITY (
  SEQ INT AUTO_INCREMENT PRIMARY KEY,
  TASK_SEQ INT,
  NAME VARCHAR(40)
);

INSERT INTO S_ACTIVITY(TASK_SEQ, NAME) VALUES(1, 'Find News');
INSERT INTO S_ACTIVITY(TASK_SEQ, NAME) VALUES(1, 'Write Articles');
INSERT INTO S_ACTIVITY(TASK_SEQ, NAME) VALUES(1, 'Make Interview');
INSERT INTO S_ACTIVITY(TASK_SEQ, NAME) VALUES(1, 'Arrange Page Layout');

DROP TABLE IF EXISTS S_GOAL;
CREATE TABLE S_GOAL (
  SEQ INT AUTO_INCREMENT PRIMARY KEY,
  NAME VARCHAR(100),
  COMPLETION SMALLINT,
  EMPLOYEE_ID VARCHAR(40),
  DUE VARCHAR(30),
  STATUS_SEQ INT,
  TYPE_SEQ INT,
  DESCRIPTION VARCHAR(500)
);

INSERT INTO S_GOAL(NAME, COMPLETION, EMPLOYEE_ID, DUE, STATUS_SEQ, TYPE_SEQ) VALUES('Carry out HR functions efficiently', 30, 10001, '2014-10-10', 1, 1);
INSERT INTO S_GOAL(NAME, COMPLETION, EMPLOYEE_ID, DUE, STATUS_SEQ, TYPE_SEQ) VALUES('Increase company revenue', 0, 10002, '2014-10-10', 1, 1);
INSERT INTO S_GOAL(NAME, COMPLETION, EMPLOYEE_ID, DUE, STATUS_SEQ, TYPE_SEQ) VALUES('Finish Issue 5 of Fortune', 15, 10003, '2014-10-10', 1, 1);
INSERT INTO S_GOAL(NAME, COMPLETION, EMPLOYEE_ID, DUE, STATUS_SEQ, TYPE_SEQ) VALUES('Detect and notify re-host violations', 40, 10004, '2014-10-10', 1, 2);
INSERT INTO S_GOAL(NAME, COMPLETION, EMPLOYEE_ID, DUE, STATUS_SEQ, TYPE_SEQ) VALUES('Perform ICT related tasks smoothly', 50, 10005, '2014-10-10', 1, 2);
INSERT INTO S_GOAL(NAME, COMPLETION, EMPLOYEE_ID, DUE, STATUS_SEQ, TYPE_SEQ) VALUES('Support financial operations and strategic initiatives', 80, 10006, '2014-10-10', 1, 2);


DROP TABLE IF EXISTS S_TIMESHEET;
CREATE TABLE S_TIMESHEET (
  SEQ INT AUTO_INCREMENT PRIMARY KEY,
  EMPLOYEE_ID VARCHAR(30),
  START_DATE VARCHAR(30),
  END_DATE VARCHAR(30)
);

INSERT INTO S_TIMESHEET(EMPLOYEE_ID, START_DATE, END_DATE) VALUES(10001, '2014-09-29', '2014-10-05');
INSERT INTO S_TIMESHEET(EMPLOYEE_ID, START_DATE, END_DATE) VALUES(10002, '2014-09-29', '2014-10-05');
INSERT INTO S_TIMESHEET(EMPLOYEE_ID, START_DATE, END_DATE) VALUES(10003, '2014-09-29', '2014-10-05');
INSERT INTO S_TIMESHEET(EMPLOYEE_ID, START_DATE, END_DATE) VALUES(10004, '2014-09-29', '2014-10-05');
INSERT INTO S_TIMESHEET(EMPLOYEE_ID, START_DATE, END_DATE) VALUES(10005, '2014-09-29', '2014-10-05');
INSERT INTO S_TIMESHEET(EMPLOYEE_ID, START_DATE, END_DATE) VALUES(10006, '2014-09-29', '2014-10-05');
INSERT INTO S_TIMESHEET(EMPLOYEE_ID, START_DATE, END_DATE) VALUES(10007, '2014-09-29', '2014-10-05');
INSERT INTO S_TIMESHEET(EMPLOYEE_ID, START_DATE, END_DATE) VALUES(10008, '2014-09-29', '2014-10-05');


DROP TABLE IF EXISTS S_TIMESHEET_PER_WEEK;
CREATE TABLE S_TIMESHEET_PER_WEEK (
  SEQ INT AUTO_INCREMENT PRIMARY KEY,
  TIMESHEET_SEQ INT,
  ACTIVITY_SEQ INT,
  TIME1 VARCHAR(30),
  TIME2 VARCHAR(30),
  TIME3 VARCHAR(30),
  TIME4 VARCHAR(30),
  TIME5 VARCHAR(30),
  TIME6 VARCHAR(30),
  TIME7 VARCHAR(30)
);

INSERT INTO S_TIMESHEET_PER_WEEK(TIMESHEET_SEQ, ACTIVITY_SEQ, TIME1, TIME2, TIME3, TIME4, TIME5, TIME6, TIME7) VALUES(1, 1, '0000-00-00 02:00:00', '0000-00-00 03:00:00', '0000-00-00 01:00:00', '0000-00-00 04:00:00', '0000-00-00 01:00:00', '0000-00-00 00:00:00','0000-00-00 00:00:00');
INSERT INTO S_TIMESHEET_PER_WEEK(TIMESHEET_SEQ, ACTIVITY_SEQ, TIME1, TIME2, TIME3, TIME4, TIME5, TIME6, TIME7) VALUES(1, 1, '0000-00-00 01:00:00', '0000-00-00 02:00:00', '0000-00-00 03:00:00', '0000-00-00 04:00:00', '0000-00-00 05:00:00', '0000-00-00 00:00:00','0000-00-00 00:00:00');
INSERT INTO S_TIMESHEET_PER_WEEK(TIMESHEET_SEQ, ACTIVITY_SEQ, TIME1, TIME2, TIME3, TIME4, TIME5, TIME6, TIME7) VALUES(1, 2, '0000-00-00 04:00:00', '0000-00-00 03:00:00', '0000-00-00 02:00:00', '0000-00-00 01:00:00', '0000-00-00 01:00:00', '0000-00-00 00:00:00','0000-00-00 00:00:00');

DELETE FROM S_EMPLOYEES;
INSERT INTO S_EMPLOYEES ( ID, NAME, SEX, BIRTH, PHONE, EMAIL, JOBTITLE_SEQ, STATUS_SEQ, JOBCATEGORY_SEQ, DEPARTMENT_SEQ, SUPERVISOR_ID, PHOTONAME)
	VALUES (10001, 'Allen Miche', 'm',  '1988-11-11', '12300001111', 'allen@worksap.co.jp', 1, 1, 1, 1, 10002, '10001.jpg');
INSERT INTO S_EMPLOYEES ( ID, NAME, SEX, BIRTH, PHONE, EMAIL, JOBTITLE_SEQ, STATUS_SEQ, JOBCATEGORY_SEQ, DEPARTMENT_SEQ, SUPERVISOR_ID, PHOTONAME)
	VALUES (10002,'Byron Brown', 'F', '1989-12-11', '15566666666','michel@worksap.co.jp', 2, 1, 1, 1, 10003, '10002.jpg');
INSERT INTO S_EMPLOYEES ( ID, NAME, SEX, BIRTH, PHONE, EMAIL, JOBTITLE_SEQ, STATUS_SEQ, JOBCATEGORY_SEQ, DEPARTMENT_SEQ, SUPERVISOR_ID, PHOTONAME)
	VALUES (10003,'Watson Andrew', 'M', '1987-10-01', '15522222222','caption@worksap.co.jp', 3, 2, 1,1,  10004, '10003.jpg');
INSERT INTO S_EMPLOYEES ( ID, NAME, SEX, BIRTH, PHONE, EMAIL, JOBTITLE_SEQ, STATUS_SEQ, JOBCATEGORY_SEQ, DEPARTMENT_SEQ, SUPERVISOR_ID, PHOTONAME)
	VALUES (10004,'Lei Li', 'M', '1987-10-01', '15522222222','Lei@worksap.co.jp', 3, 2, 1,1,  10001, '10004.jpg');
INSERT INTO S_EMPLOYEES ( ID, NAME, SEX, BIRTH, PHONE, EMAIL, JOBTITLE_SEQ, STATUS_SEQ, JOBCATEGORY_SEQ, DEPARTMENT_SEQ, SUPERVISOR_ID, PHOTONAME)
	VALUES (10005,'Oska Higo', 'M', '1987-10-01', '15522222222','Oska@worksap.co.jp', 3, 1, 2,1,  10002, '10005.jpg');
INSERT INTO S_EMPLOYEES ( ID, NAME, SEX, BIRTH, PHONE, EMAIL, JOBTITLE_SEQ, STATUS_SEQ, JOBCATEGORY_SEQ, DEPARTMENT_SEQ, SUPERVISOR_ID, PHOTONAME)
	VALUES (10006,'Mei Han', 'M', '1987-10-01', '15522222222','Mei@worksap.co.jp', 3, 1, 2,1,  10001, '10006.jpg');
INSERT INTO S_EMPLOYEES ( ID, NAME, SEX, BIRTH, PHONE, EMAIL, JOBTITLE_SEQ, STATUS_SEQ, JOBCATEGORY_SEQ, DEPARTMENT_SEQ, SUPERVISOR_ID, PHOTONAME)
	VALUES (10007,'John Mike', 'M', '1987-10-01', '15522222222','John@worksap.co.jp', 3, 2, 2,1,  10005, '10007.jpg');
INSERT INTO S_EMPLOYEES ( ID, NAME, SEX, BIRTH, PHONE, EMAIL, JOBTITLE_SEQ, STATUS_SEQ, JOBCATEGORY_SEQ, DEPARTMENT_SEQ, SUPERVISOR_ID, PHOTONAME)
	VALUES (10008,'Lisa Kucho', 'F', '1987-10-21', '15522222222','Kucho@worksap.co.jp', 4, 2, 3,3,  10005, '10008.jpg');

INSERT INTO S_PUNCH(EMPLOYEEID, INTIME, INNOTE, OUTTIME, OUTNOTE) VALUES (10001, '2014-11-01 09:00:00', 'come to office', '2014-11-01 18:30:00', 'go home');
INSERT INTO S_PUNCH(EMPLOYEEID, INTIME, INNOTE, OUTTIME, OUTNOTE) VALUES (10001, '2014-11-02 10:00:00', 'come to office', '2014-11-02 18:30:00', 'go home');
INSERT INTO S_PUNCH(EMPLOYEEID, INTIME, INNOTE, OUTTIME, OUTNOTE) VALUES (10001, '2014-11-03 09:20:00', 'come to office', '2014-11-03 17:45:00', 'go home');
INSERT INTO S_PUNCH(EMPLOYEEID, INTIME, INNOTE, OUTTIME, OUTNOTE) VALUES (10001, '2014-11-04 10:10:00', 'come to office', '2014-11-04 20:30:00', 'go home');
INSERT INTO S_PUNCH(EMPLOYEEID, INTIME, INNOTE, OUTTIME, OUTNOTE) VALUES (10001, '2014-11-05 08:50:00', 'come to office', '2014-11-05 19:30:00', 'go home');

INSERT INTO S_PUNCH(EMPLOYEEID, INTIME, INNOTE, OUTTIME, OUTNOTE) VALUES (10002, '2014-11-01 14:00:00', 'come to office', '2014-11-01 18:30:00', 'go home');
INSERT INTO S_PUNCH(EMPLOYEEID, INTIME, INNOTE, OUTTIME, OUTNOTE) VALUES (10002, '2014-11-02 10:00:00', 'come to office', '2014-11-02 12:30:00', 'go home');
INSERT INTO S_PUNCH(EMPLOYEEID, INTIME, INNOTE, OUTTIME, OUTNOTE) VALUES (10002, '2014-11-03 07:20:00', 'come to office', '2014-11-03 21:45:00', 'go home');
INSERT INTO S_PUNCH(EMPLOYEEID, INTIME, INNOTE, OUTTIME, OUTNOTE) VALUES (10002, '2014-11-04 10:10:00', 'come to office', '2014-11-04 23:30:00', 'go home');
INSERT INTO S_PUNCH(EMPLOYEEID, INTIME, INNOTE, OUTTIME, OUTNOTE) VALUES (10002, '2014-11-05 08:50:00', 'come to office', '2014-11-05 14:30:00', 'go home');

INSERT INTO S_PUNCH(EMPLOYEEID, INTIME, INNOTE, OUTTIME, OUTNOTE) VALUES (10003, '2014-11-01 04:00:00', 'come to office', '2014-11-01 21:30:00', 'go home');
INSERT INTO S_PUNCH(EMPLOYEEID, INTIME, INNOTE, OUTTIME, OUTNOTE) VALUES (10003, '2014-11-02 09:00:00', 'come to office', '2014-11-02 15:30:00', 'go home');
INSERT INTO S_PUNCH(EMPLOYEEID, INTIME, INNOTE, OUTTIME, OUTNOTE) VALUES (10003, '2014-11-03 07:53:00', 'come to office', '2014-11-03 17:45:00', 'go home');
INSERT INTO S_PUNCH(EMPLOYEEID, INTIME, INNOTE, OUTTIME, OUTNOTE) VALUES (10003, '2014-11-04 10:27:00', 'come to office', '2014-11-04 22:22:00', 'go home');
INSERT INTO S_PUNCH(EMPLOYEEID, INTIME, INNOTE, OUTTIME, OUTNOTE) VALUES (10003, '2014-11-05 05:50:00', 'come to office', '2014-11-05 14:30:00', 'go home');

INSERT INTO S_ROLE ( ROLE ) VALUES ('admin');
INSERT INTO S_ROLE ( ROLE ) VALUES ('employee');
INSERT INTO S_ROLE ( ROLE ) VALUES ('editor');
INSERT INTO S_ROLE ( ROLE ) VALUES ('HR');
INSERT INTO S_ROLE ( ROLE ) VALUES ('salesman');

INSERT INTO S_USERS ( PASSWORD, USERNAME, ROLEID, EMPLOYEEID)
	VALUES ('5f4dcc3b5aa765d61d8327deb882cf99','admin', 1,10001);
INSERT INTO S_USERS ( PASSWORD, USERNAME, ROLEID, EMPLOYEEID)
	VALUES ('5f4dcc3b5aa765d61d8327deb882cf99','user', 2,10001);

INSERT INTO S_DEPARTMENT (NAME,PARENT_SEQ) VALUES('Worksap',  0);
INSERT INTO S_DEPARTMENT (NAME, PARENT_SEQ) VALUES('HR Department', 1);
INSERT INTO S_DEPARTMENT (NAME, PARENT_SEQ) VALUES('IT Dept',  1);
INSERT INTO S_DEPARTMENT (NAME, PARENT_SEQ) VALUES('Engineering',  1);
INSERT INTO S_DEPARTMENT (NAME, PARENT_SEQ) VALUES('Accounts Dept',  1);
INSERT INTO S_DEPARTMENT (NAME, PARENT_SEQ) VALUES('Industry',  4);
INSERT INTO S_DEPARTMENT (NAME, PARENT_SEQ) VALUES('Analysis',  3);
INSERT INTO S_DEPARTMENT (NAME, PARENT_SEQ) VALUES('Sales Division', 1);

INSERT INTO S_STATUS (NAME) VALUES( 'Full time Contract');
INSERT INTO S_STATUS (NAME) VALUES( 'Full time Permanent');
INSERT INTO S_STATUS (NAME) VALUES( 'Full time Probation');
INSERT INTO S_STATUS (NAME) VALUES( 'Part time Contract');
INSERT INTO S_STATUS (NAME) VALUES( 'Part time Internship');
INSERT INTO S_STATUS (NAME) VALUES( 'Part time Permanent');

INSERT INTO S_GOAL_STATUS (NAME) VALUES( 'Achieved');
INSERT INTO S_GOAL_STATUS (NAME) VALUES( 'In Progress');
INSERT INTO S_GOAL_STATUS (NAME) VALUES( 'Pending');

INSERT INTO S_GOAL_TYPE (NAME) VALUES( 'Individual');
INSERT INTO S_GOAL_TYPE (NAME) VALUES( 'Business');

INSERT INTO S_JOBCATEGORY (NAME) VALUES( 'Craft Workers');
INSERT INTO S_JOBCATEGORY (NAME) VALUES( 'Laborers and Helpers');
INSERT INTO S_JOBCATEGORY (NAME) VALUES( 'Office and Clerical Workers');
INSERT INTO S_JOBCATEGORY (NAME) VALUES( 'Officials and Managers');
INSERT INTO S_JOBCATEGORY (NAME) VALUES( 'Operatives');
INSERT INTO S_JOBCATEGORY (NAME) VALUES( 'Professionals');
INSERT INTO S_JOBCATEGORY (NAME) VALUES( 'Sales Workers');
INSERT INTO S_JOBCATEGORY (NAME) VALUES( 'Service Workers');
INSERT INTO S_JOBCATEGORY (NAME) VALUES( 'Technicians');

INSERT INTO S_JOBTITLE ( NAME) VALUES( 'Accountant');
INSERT INTO S_JOBTITLE ( NAME) VALUES( 'Audit Trainee');
INSERT INTO S_JOBTITLE ( NAME) VALUES( 'Community Planner');
INSERT INTO S_JOBTITLE ( NAME) VALUES( 'Economist');
INSERT INTO S_JOBTITLE ( NAME) VALUES( 'Head of Finance');
INSERT INTO S_JOBTITLE ( NAME) VALUES( 'HR Specialist');
INSERT INTO S_JOBTITLE ( NAME) VALUES( 'Industrial Engineer');
INSERT INTO S_JOBTITLE ( NAME) VALUES( 'Program Manager');

INSERT INTO S_COMPETENCY ( NAME, DESCRIPTION) VALUES( 'Train tools and manage services', 'Trains others on tools and techniques for monitoring and managing service or system capacities.');
INSERT INTO S_COMPETENCY ( NAME, DESCRIPTION) VALUES( 'Strong Desire for Success', 'He/she does have the burning desire to achieve success in sales.');
INSERT INTO S_COMPETENCY ( NAME, DESCRIPTION) VALUES( 'Recovering from Rejection', 'when the salesperson gets rejected it will not take hours, days or weeks before he/she feels sufficiently confident to effectively make another cold call.');
INSERT INTO S_COMPETENCY ( NAME, DESCRIPTION) VALUES( 'Positive Commitment', 'They will accomplish any sales activity what they set out to.');
INSERT INTO S_COMPETENCY ( NAME, DESCRIPTION) VALUES( 'Planning Methodologies', 'Discusses alternative capability planning methodologies specific to corresponding technology domains.');
INSERT INTO S_COMPETENCY ( NAME, DESCRIPTION) VALUES( 'Personally credible.', 'Expert in both HR and commercial issues, and takes a professional approach.');
INSERT INTO S_COMPETENCY ( NAME, DESCRIPTION) VALUES( 'Oversees computer operations', 'Oversees computer operations and ensures that schedules are met and system resources are used effectively.');
INSERT INTO S_COMPETENCY ( NAME, DESCRIPTION) VALUES( 'Monitor system progress', 'Compares actual and optimal measurements and monitors them on an ongoing basis.');

INSERT INTO S_POSITION ( NAME) VALUES( 'In Service');
INSERT INTO S_POSITION ( NAME) VALUES( 'Dismission');
INSERT INTO S_POSITION ( NAME) VALUES( 'Retired');

INSERT INTO S_SEX (NAME) VALUES('M');
INSERT INTO S_SEX (NAME) VALUES('F');

DROP TABLE IF EXISTS N_SUBJECT;
CREATE TABLE N_SUBJECT
(
	SEQ INT AUTO_INCREMENT PRIMARY KEY,
	NAME VARCHAR(100)
);


DROP TABLE IF EXISTS N_ARTICLE;
CREATE TABLE N_ARTICLE
(
	SEQ INT AUTO_INCREMENT PRIMARY KEY,
	TITLE VARCHAR(200),
	HTML LONGTEXT,
	SECTION_SEQ INT,
	SUBJECT_SEQ INT,
	AUTHOR_SEQ INT,
	TIME VARCHAR(30),
	STATUS_SEQ INT
);

DROP TABLE IF EXISTS N_AUTHOR;
CREATE TABLE N_AUTHOR
(
	SEQ INT AUTO_INCREMENT PRIMARY KEY,
	NAME VARCHAR(50),
	ADDRESS VARCHAR(200),
	WORKUNIT VARCHAR(200),
	ZIPCODE VARCHAR(30),
	PHONE VARCHAR(20),
	EMAIL VARCHAR(50),
	ACCOUNT VARCHAR(50)
);

DROP TABLE IF EXISTS N_NEWSPAPER;
CREATE TABLE N_NEWSPAPER
(
	SEQ INT AUTO_INCREMENT PRIMARY KEY,
	NAME VARCHAR(100),
	ISSN VARCHAR(100),
	ISSUE_PRICE DECIMAL(8, 2),
	MONTH_PRICE DECIMAL(8, 2),
	PDAY INT,
	PTYPE INT
);

DROP TABLE IF EXISTS N_ISSUE;
CREATE TABLE N_ISSUE
(
	SEQ INT AUTO_INCREMENT PRIMARY KEY,
	NUM INT,
	QUANTITY INT,
	TIME VARCHAR(30),
	NEWSPAPER_SEQ INT,
	STATUS_SEQ INT
);

DROP TABLE IF EXISTS N_SECTION;
CREATE TABLE N_SECTION
(
	SEQ INT AUTO_INCREMENT PRIMARY KEY,
	NUM INT,
	SUBJECT_SEQ INT,
	ISSUE_SEQ INT,
	STATUS_SEQ INT,
	PHOTONAME VARCHAR(200),
	HTML LONGTEXT
);

DROP TABLE IF EXISTS N_STATUS;
CREATE TABLE N_STATUS
(
	SEQ INT AUTO_INCREMENT PRIMARY KEY,
	NAME VARCHAR(30)
);

DROP TABLE IF EXISTS N_PDATE;
CREATE TABLE N_PDATE
(
	PDAY INT,
	PTYPE INT
);

DROP TABLE IF EXISTS N_PAYTYPE;
CREATE TABLE N_PAYTYPE
(
	SEQ INT,
	NAME VARCHAR(30)
);



DROP TABLE IF EXISTS N_SUBSCRIBER;
CREATE TABLE N_SUBSCRIBER
(
	SEQ INT AUTO_INCREMENT PRIMARY KEY,
	NAME VARCHAR(30),
	ADDRESS VARCHAR(100),
	ZIPCODE VARCHAR(30),
	NEWSPAPER_SEQ INT,
	DATE_FROM VARCHAR(30),
	DATE_TO VARCHAR(30),
	ORDER_DATE VARCHAR(30),
	QUANTITY INT,
	DISCOUNT DECIMAL(8, 2),
	MONEY_PAY DECIMAL(10, 2),
	EMPLOYEE_ID VARCHAR(20),
	PAYTYPE_SEQ INT,
	PROMOTION_SEQ INT,
	AGE INT,
	SEX VARCHAR(30),
	OCCUPATION_SEQ INT,
	EDUCATION_SEQ INT

);


DROP TABLE IF EXISTS N_PURPOSE;
CREATE TABLE N_PURPOSE
(
	SEQ INT AUTO_INCREMENT PRIMARY KEY,
	NAME VARCHAR(30)
);

DROP TABLE IF EXISTS N_NONSUBSCRIBER;
CREATE TABLE N_NONSUBSCRIBER
(
	SEQ INT AUTO_INCREMENT PRIMARY KEY,
	NAME VARCHAR(30),
	ADDRESS VARCHAR(100),
	ZIPCODE VARCHAR(30),
	WORKUNIT VARCHAR(100),
	ISSUE_SEQ INT,
	QUANTITY INT,
	PURPOSE_SEQ INT,
	PHONE VARCHAR(30),
	EMAIL VARCHAR(30),
	EMPLOYEE_ID VARCHAR(20),
	ORDER_DATE VARCHAR(30),
	PROMOTION_SEQ INT,
	AGE INT,
	SEX VARCHAR(30),
	OCCUPATION_SEQ INT,
	EDUCATION_SEQ INT
);

DROP TABLE IF EXISTS N_RETAIL;
CREATE TABLE N_RETAIL
(
	SEQ INT AUTO_INCREMENT PRIMARY KEY,
	ISSUE_SEQ INT,
	UNITPRICE DECIMAL(10, 2),
	QUANTITY INT,
	DISCOUNT DECIMAL(8, 2),
	MONEYPAY DECIMAL(10, 2),
	EMPLOYEE_ID VARCHAR(20),
	ORDER_DATE VARCHAR(30),
	PROMOTION_SEQ INT,
	AGE INT,
	SEX VARCHAR(30),
	OCCUPATION_SEQ INT,
	EDUCATION_SEQ INT
);


DROP TABLE IF EXISTS N_RETURN;
CREATE TABLE N_RETURN
(
	SEQ INT AUTO_INCREMENT PRIMARY KEY,
	ISSUE_SEQ INT,
	UNITPRICE DECIMAL(10, 2),
	QUANTITY INT,
	DISCOUNT DECIMAL(8, 2),
	EMPLOYEE_ID VARCHAR(20),
	ORDER_DATE VARCHAR(30),
	PROMOTION_SEQ INT
);

DROP TABLE IF EXISTS N_PROMOTION;
CREATE TABLE N_PROMOTION
(
	SEQ INT AUTO_INCREMENT PRIMARY KEY,
	NAME VARCHAR(100),
	PLACE VARCHAR(300),
	START_DATE VARCHAR(30),
	END_DATE VARCHAR(30)
);

INSERT INTO N_PROMOTION(NAME, PLACE, START_DATE, END_DATE) VALUES('Regular Customer', '', '0000-00-00 00:00:00', '0000-00-00 00:00:00');
INSERT INTO N_PROMOTION(NAME, PLACE, START_DATE, END_DATE) VALUES('Post Office', '', '0000-00-00 00:00:00', '0000-00-00 00:00:00');
INSERT INTO N_PROMOTION(NAME, PLACE, START_DATE, END_DATE) VALUES('Ad in JiaoTong University', 'JiaoTong University', '2014-09-01 00:00:00', '2014-12-01 00:00:00');
INSERT INTO N_PROMOTION(NAME, PLACE, START_DATE, END_DATE) VALUES('Promotion in Summit Center', 'Summit Center', '2014-09-01 00:00:00', '2014-12-01 00:00:00');


DROP TABLE IF EXISTS N_PROMOTION_ADMIN;
CREATE TABLE N_PROMOTION_ADMIN
(
	PROMOTION_SEQ INT,
	EMPLOYEE_ID VARCHAR(30)
);

DROP TABLE IF EXISTS N_PROMOTION_NEWSPAPER;
CREATE TABLE N_PROMOTION_NEWSPAPER
(
	PROMOTION_SEQ INT,
	NEWSPAPER_SEQ INT
);


DROP TABLE IF EXISTS N_AD;
CREATE TABLE N_AD
(
	ID VARCHAR(20) PRIMARY KEY,
	WORK_UNIT VARCHAR(100),
	ADDRESS VARCHAR(100),
	NEWSPAPER_SEQ INT,
	PAGE_COUNT INT,
	PAGE_AREA INT,
	DATE_FROM VARCHAR(30),
	DATE_TO VARCHAR(30),
	UNIT_PRICE DECIMAL(10, 2),
	DISCOUNT DECIMAL(8, 2),
	MONEY_PAY DECIMAL(10, 2),
	CONTACT_PERSON VARCHAR(20),
	PHONE VARCHAR(20),
	EMAIL VARCHAR(20),
	EMPLOYEE_ID VARCHAR(20),
	ORDER_DATE VARCHAR(30),
	PROMOTION_SEQ INT
);

DROP TABLE IF EXISTS N_OCCUPATION;
CREATE TABLE N_OCCUPATION (
  SEQ INT AUTO_INCREMENT PRIMARY KEY,
  NAME VARCHAR(50)
);

INSERT INTO N_OCCUPATION(NAME) VALUES ('Student');
INSERT INTO N_OCCUPATION(NAME) VALUES ('Doctor');
INSERT INTO N_OCCUPATION(NAME) VALUES ('Engineer');


DROP TABLE IF EXISTS N_EDUCATION;
CREATE TABLE N_EDUCATION (
  SEQ INT AUTO_INCREMENT PRIMARY KEY,
  NAME VARCHAR(50)
);

INSERT INTO N_EDUCATION(NAME) VALUES ('PHD');
INSERT INTO N_EDUCATION(NAME) VALUES ('Master');
INSERT INTO N_EDUCATION(NAME) VALUES ('Bachelor');
INSERT INTO N_EDUCATION(NAME) VALUES ('High School');
INSERT INTO N_EDUCATION(NAME) VALUES ('Middle School');
INSERT INTO N_EDUCATION(NAME) VALUES ('Primary School');

INSERT INTO N_STATUS(NAME) VALUES ('Approve');
INSERT INTO N_STATUS(NAME) VALUES ('Pending Approval');
INSERT INTO N_STATUS(NAME) VALUES ('Reject');


INSERT INTO N_PDATE(PDAY, PTYPE) VALUES (1, 1); -- type = 1, ev... *** SQLINES FOR EVALUATION USE ONLY *** 
INSERT INTO N_PDATE(PDAY, PTYPE) VALUES (2, 1);
INSERT INTO N_PDATE(PDAY, PTYPE) VALUES (3, 1);
INSERT INTO N_PDATE(PDAY, PTYPE) VALUES (4, 1);
INSERT INTO N_PDATE(PDAY, PTYPE) VALUES (5, 1);
INSERT INTO N_PDATE(PDAY, PTYPE) VALUES (6, 1);
INSERT INTO N_PDATE(PDAY, PTYPE) VALUES (7, 1);
INSERT INTO N_PDATE(PDAY, PTYPE) VALUES (8, 1);
INSERT INTO N_PDATE(PDAY, PTYPE) VALUES (9, 1);
INSERT INTO N_PDATE(PDAY, PTYPE) VALUES (10, 1);
INSERT INTO N_PDATE(PDAY, PTYPE) VALUES (11, 1);
INSERT INTO N_PDATE(PDAY, PTYPE) VALUES (12, 1);
INSERT INTO N_PDATE(PDAY, PTYPE) VALUES (13, 1);
INSERT INTO N_PDATE(PDAY, PTYPE) VALUES (14, 1);
INSERT INTO N_PDATE(PDAY, PTYPE) VALUES (15, 1);
INSERT INTO N_PDATE(PDAY, PTYPE) VALUES (16, 1);
INSERT INTO N_PDATE(PDAY, PTYPE) VALUES (17, 1);
INSERT INTO N_PDATE(PDAY, PTYPE) VALUES (18, 1);
INSERT INTO N_PDATE(PDAY, PTYPE) VALUES (19, 1);
INSERT INTO N_PDATE(PDAY, PTYPE) VALUES (20, 1);
INSERT INTO N_PDATE(PDAY, PTYPE) VALUES (21, 1);
INSERT INTO N_PDATE(PDAY, PTYPE) VALUES (22, 1);
INSERT INTO N_PDATE(PDAY, PTYPE) VALUES (23, 1);
INSERT INTO N_PDATE(PDAY, PTYPE) VALUES (24, 1);
INSERT INTO N_PDATE(PDAY, PTYPE) VALUES (25, 1);
INSERT INTO N_PDATE(PDAY, PTYPE) VALUES (26, 1);
INSERT INTO N_PDATE(PDAY, PTYPE) VALUES (27, 1);
INSERT INTO N_PDATE(PDAY, PTYPE) VALUES (28, 1);

INSERT INTO N_PDATE(PDAY, PTYPE) VALUES (1, 2); -- type = 2, ev... *** SQLINES FOR EVALUATION USE ONLY *** 
INSERT INTO N_PDATE(PDAY, PTYPE) VALUES (2, 2);
INSERT INTO N_PDATE(PDAY, PTYPE) VALUES (3, 2);
INSERT INTO N_PDATE(PDAY, PTYPE) VALUES (4, 2);
INSERT INTO N_PDATE(PDAY, PTYPE) VALUES (5, 2);
INSERT INTO N_PDATE(PDAY, PTYPE) VALUES (6, 2);
INSERT INTO N_PDATE(PDAY, PTYPE) VALUES (7, 2);

INSERT INTO N_PDATE(PDAY, PTYPE) VALUES (1, 3); -- type = 3, ev... *** SQLINES FOR EVALUATION USE ONLY *** 

INSERT INTO N_NEWSPAPER(NAME, ISSN, ISSUE_PRICE, MONTH_PRICE, PDAY, PTYPE) VALUES ('Fortune', 'ISSN003', 1.0, 8.5, 5, 1);
INSERT INTO N_NEWSPAPER(NAME, ISSN, ISSUE_PRICE, MONTH_PRICE, PDAY, PTYPE) VALUES ('Science', 'ISSN004', 1.0, 9.5, 10, 1);
INSERT INTO N_NEWSPAPER(NAME, ISSN, ISSUE_PRICE, MONTH_PRICE, PDAY, PTYPE) VALUES ('Times', 'ISSN002', 0.5, 6, 2, 2);
INSERT INTO N_NEWSPAPER(NAME, ISSN, ISSUE_PRICE, MONTH_PRICE, PDAY, PTYPE) VALUES ('Nature', 'ISSN004', 1.3, 10, 3, 2);



INSERT INTO N_ISSUE(NUM, TIME, QUANTITY, NEWSPAPER_SEQ, STATUS_SEQ) VALUES (1, '2014-09-15 00:00:00', 2000, 1, 1);
INSERT INTO N_ISSUE(NUM, TIME, QUANTITY, NEWSPAPER_SEQ, STATUS_SEQ) VALUES (1, '2014-09-17 00:00:00', 500, 2, 1);
INSERT INTO N_ISSUE(NUM, TIME, QUANTITY, NEWSPAPER_SEQ, STATUS_SEQ) VALUES (1, '2014-09-19 00:00:00', 30000, 3, 1);
INSERT INTO N_ISSUE(NUM, TIME, QUANTITY, NEWSPAPER_SEQ, STATUS_SEQ) VALUES (1, '2014-09-21 00:00:00', 4600, 4, 1);
INSERT INTO N_ISSUE(NUM, TIME, QUANTITY, NEWSPAPER_SEQ, STATUS_SEQ) VALUES (1, '2014-10-01 00:00:00', 5000, 1, 1);


INSERT INTO N_SECTION(NUM, SUBJECT_SEQ, ISSUE_SEQ, STATUS_SEQ, PHOTONAME) VALUES (1, 1, 1, 1, 'Fortune11.jpg');
INSERT INTO N_SECTION(NUM, SUBJECT_SEQ, ISSUE_SEQ, STATUS_SEQ, PHOTONAME) VALUES (2, 2, 1, 1, 'Fortune12.jpg');
INSERT INTO N_SECTION(NUM, SUBJECT_SEQ, ISSUE_SEQ, STATUS_SEQ, PHOTONAME) VALUES (3, 3, 1, 1, 'Fortune13.jpg');
INSERT INTO N_SECTION(NUM, SUBJECT_SEQ, ISSUE_SEQ, STATUS_SEQ, PHOTONAME) VALUES (4, 4, 1, 1, 'Fortune14.jpg');
INSERT INTO N_SECTION(NUM, SUBJECT_SEQ, ISSUE_SEQ, STATUS_SEQ, PHOTONAME) VALUES (5, 5, 1, 1, 'Fortune15.jpg');
INSERT INTO N_SECTION(NUM, SUBJECT_SEQ, ISSUE_SEQ, STATUS_SEQ, PHOTONAME) VALUES (6, 6, 1, 1, 'Fortune16.jpg');
INSERT INTO N_SECTION(NUM, SUBJECT_SEQ, ISSUE_SEQ, STATUS_SEQ, PHOTONAME) VALUES (7, 7, 1, 1, 'Fortune17.jpg');
INSERT INTO N_SECTION(NUM, SUBJECT_SEQ, ISSUE_SEQ, STATUS_SEQ, PHOTONAME) VALUES (8, 8, 1, 1, 'Fortune18.jpg');


INSERT INTO N_ARTICLE(TITLE, HTML, SECTION_SEQ, SUBJECT_SEQ, AUTHOR_SEQ, TIME, STATUS_SEQ) VALUES('Apollo II', 'Apollo II was lanched yesterday.', 1, 1, 1, '2014-09-15 00:00:00', 1);
INSERT INTO N_ARTICLE(TITLE, HTML, SECTION_SEQ, SUBJECT_SEQ, AUTHOR_SEQ, TIME, STATUS_SEQ) VALUES('Alibaba New Business', 'Alibaba has new business related to mobil phone.', 0, 2, 2, '2014-09-16 00:00:00', 1);
INSERT INTO N_ARTICLE(TITLE, HTML, SECTION_SEQ, SUBJECT_SEQ, AUTHOR_SEQ, TIME, STATUS_SEQ) VALUES('Article about Game', 'Some Contents...', 0, 3, 3, '2014-09-17 00:00:00', 1);
INSERT INTO N_ARTICLE(TITLE, HTML, SECTION_SEQ, SUBJECT_SEQ, AUTHOR_SEQ, TIME, STATUS_SEQ) VALUES('Article about Society', 'Some Contents...', 0, 4, 4, '2014-09-18 00:00:00', 1);

INSERT INTO N_AUTHOR(NAME, ADDRESS, WORKUNIT, ZIPCODE, PHONE, EMAIL, ACCOUNT) VALUES ('Jessa John', '101, Yanan Rd', 'Worksap', '734200', '15500001111', 'Jessa@worksap.com', '6321421312321');
INSERT INTO N_AUTHOR(NAME, ADDRESS, WORKUNIT, ZIPCODE, PHONE, EMAIL, ACCOUNT) VALUES ('Lydia Pinkmen', '111, Shanxi Rd', 'Microsoft', '734201', '15500001111', 'Lydia@worksap.com', '6321421312321');
INSERT INTO N_AUTHOR(NAME, ADDRESS, WORKUNIT, ZIPCODE, PHONE, EMAIL, ACCOUNT) VALUES ('Water White', '121, Panyu Rd', 'Apple', '734202', '15500001111', 'Water@worksap.com', '6321421312321');
INSERT INTO N_AUTHOR(NAME, ADDRESS, WORKUNIT, ZIPCODE, PHONE, EMAIL, ACCOUNT) VALUES ('Hank Shield', '131, Huaihai Rd', 'Google', '734203', '15500001111', 'Hank@worksap.com', '6321421312321');
INSERT INTO N_AUTHOR(NAME, ADDRESS, WORKUNIT, ZIPCODE, PHONE, EMAIL, ACCOUNT) VALUES ('Jim Parson', '141, Changfen Rd', 'Tecent', '734204', '15500001111', 'Jim@worksap.com', '6321421312321');


INSERT INTO N_SUBJECT(NAME) VALUES ('Global');
INSERT INTO N_SUBJECT(NAME) VALUES ('Economy');
INSERT INTO N_SUBJECT(NAME) VALUES ('Society');
INSERT INTO N_SUBJECT(NAME) VALUES ('Military');
INSERT INTO N_SUBJECT(NAME) VALUES ('Technology');
INSERT INTO N_SUBJECT(NAME) VALUES ('Entertainment');
INSERT INTO N_SUBJECT(NAME) VALUES ('Game');
INSERT INTO N_SUBJECT(NAME) VALUES ('Fiction');

INSERT INTO N_PAYTYPE(NAME) VALUES('Cash');
INSERT INTO N_PAYTYPE(NAME) VALUES('Pay by mail');
INSERT INTO N_PAYTYPE(NAME) VALUES('Bank transfer');

INSERT INTO N_PURPOSE(NAME) VALUES('Exchange');
INSERT INTO N_PURPOSE(NAME) VALUES('Given Free');

INSERT INTO N_SUBSCRIBER(NAME, ADDRESS, ZIPCODE, NEWSPAPER_SEQ, DATE_FROM, DATE_TO, ORDER_DATE, QUANTITY, DISCOUNT, MONEY_PAY, EMPLOYEE_ID, PAYTYPE_SEQ, PROMOTION_SEQ, AGE, SEX, OCCUPATION_SEQ, EDUCATION_SEQ) VALUES('Leared', '101, Yanan Rd', '200052', 1, '2014-09-01 00:00:00', '2015-09-01 00:00:00', '2014-08-10 00:00:00', 100, 0.8, 1000, '10001', 1, 1, 0, 'Not Recorded', 1, 1);
INSERT INTO N_SUBSCRIBER(NAME, ADDRESS, ZIPCODE, NEWSPAPER_SEQ, DATE_FROM, DATE_TO, ORDER_DATE, QUANTITY, DISCOUNT, MONEY_PAY, EMPLOYEE_ID, PAYTYPE_SEQ, PROMOTION_SEQ, AGE, SEX, OCCUPATION_SEQ, EDUCATION_SEQ) VALUES('Jack', '101, Yanan Rd', '200052', 2, '2014-09-01 00:00:00', '2015-09-01 00:00:00', '2014-08-10 00:00:00', 200, 0.8, 2000, '10002', 2, 1, 5, 'M', 2, 2);
INSERT INTO N_SUBSCRIBER(NAME, ADDRESS, ZIPCODE, NEWSPAPER_SEQ, DATE_FROM, DATE_TO, ORDER_DATE, QUANTITY, DISCOUNT, MONEY_PAY, EMPLOYEE_ID, PAYTYPE_SEQ, PROMOTION_SEQ, AGE, SEX, OCCUPATION_SEQ, EDUCATION_SEQ) VALUES('Caption', '101, Yanan Rd', '200052', 3, '2014-09-01 00:00:00', '2015-09-01 00:00:00', '2014-08-10 00:00:00', 150, 0.7, 3000, '10003', 1, 1, 15, 'Not Recorded', 3, 3);
INSERT INTO N_SUBSCRIBER(NAME, ADDRESS, ZIPCODE, NEWSPAPER_SEQ, DATE_FROM, DATE_TO, ORDER_DATE, QUANTITY, DISCOUNT, MONEY_PAY, EMPLOYEE_ID, PAYTYPE_SEQ, PROMOTION_SEQ, AGE, SEX, OCCUPATION_SEQ, EDUCATION_SEQ) VALUES('Maria', '101, Yanan Rd', '200052', 4, '2014-09-01 00:00:00', '2015-09-01 00:00:00', '2014-08-10 00:00:00', 400, 0.9, 4000, '10004', 2, 1, 25, 'F', 1, 4);
INSERT INTO N_SUBSCRIBER(NAME, ADDRESS, ZIPCODE, NEWSPAPER_SEQ, DATE_FROM, DATE_TO, ORDER_DATE, QUANTITY, DISCOUNT, MONEY_PAY, EMPLOYEE_ID, PAYTYPE_SEQ, PROMOTION_SEQ, AGE, SEX, OCCUPATION_SEQ, EDUCATION_SEQ) VALUES('Skyler', '101, Yanan Rd', '200052', 1, '2014-09-01 00:00:00', '2015-09-01 00:00:00', '2014-08-10 00:00:00', 100, 0.8, 5000, '10005', 1, 1, 35, 'Not Recorded', 2, 5);

INSERT INTO N_NONSUBSCRIBER(NAME, ADDRESS, ZIPCODE, WORKUNIT, ISSUE_SEQ, QUANTITY, PURPOSE_SEQ, PHONE, EMAIL, EMPLOYEE_ID, ORDER_DATE, PROMOTION_SEQ, AGE, SEX, OCCUPATION_SEQ, EDUCATION_SEQ) VALUES('Leared', '101, Yanan Rd', '200052', 'Alibaba', 1, 100, 1, '15500000000', 'Leared@qq.com', 10001, '2014-09-15 14:00:00', 1, 5, 'Not Recorded', 1, 1);
INSERT INTO N_NONSUBSCRIBER(NAME, ADDRESS, ZIPCODE, WORKUNIT, ISSUE_SEQ, QUANTITY, PURPOSE_SEQ, PHONE, EMAIL, EMPLOYEE_ID, ORDER_DATE, PROMOTION_SEQ, AGE, SEX, OCCUPATION_SEQ, EDUCATION_SEQ) VALUES('Jack', '101, Yanan Rd', '200052', 'Alibaba', 2, 200, 2, '15500000000', 'Jack@qq.com', 10002, '2014-09-15 15:00:00', 2, 5, 'Not Recorded', 2, 2);
INSERT INTO N_NONSUBSCRIBER(NAME, ADDRESS, ZIPCODE, WORKUNIT, ISSUE_SEQ, QUANTITY, PURPOSE_SEQ, PHONE, EMAIL, EMPLOYEE_ID, ORDER_DATE, PROMOTION_SEQ, AGE, SEX, OCCUPATION_SEQ, EDUCATION_SEQ) VALUES('Maria', '101, Yanan Rd', '200052', 'Alibaba', 3, 300, 1, '15500000000', 'Maria@qq.com', 10003, '2014-09-15 16:00:00', 1, 5, 'Not Recorded', 3, 3);
INSERT INTO N_NONSUBSCRIBER(NAME, ADDRESS, ZIPCODE, WORKUNIT, ISSUE_SEQ, QUANTITY, PURPOSE_SEQ, PHONE, EMAIL, EMPLOYEE_ID, ORDER_DATE, PROMOTION_SEQ, AGE, SEX, OCCUPATION_SEQ, EDUCATION_SEQ) VALUES('Skyler', '101, Yanan Rd', '200052', 'Alibaba', 4, 150, 2, '15500000000', 'Skyler@qq.com', 10004, '2014-09-15 17:00:00', 2, 5, 'Not Recorded', 1, 4);
INSERT INTO N_NONSUBSCRIBER(NAME, ADDRESS, ZIPCODE, WORKUNIT, ISSUE_SEQ, QUANTITY, PURPOSE_SEQ, PHONE, EMAIL, EMPLOYEE_ID, ORDER_DATE, PROMOTION_SEQ, AGE, SEX, OCCUPATION_SEQ, EDUCATION_SEQ) VALUES('Todd', '101, Yanan Rd', '200052', 'Alibaba', 5, 100, 1, '15500000000', 'Todd@qq.com', 10005, '2014-09-15 18:00:00', 3, 5, 'Not Recorded', 2, 5);

INSERT INTO N_RETAIL(ISSUE_SEQ, UNITPRICE, QUANTITY, DISCOUNT, MONEYPAY, EMPLOYEE_ID, ORDER_DATE, PROMOTION_SEQ, AGE, SEX, OCCUPATION_SEQ, EDUCATION_SEQ) VALUES(1, 0.5, 100, 0.8, 300, 10001, '2014-09-15 14:00:00', 1, 5, 'Not Recorded', 0, 1);
INSERT INTO N_RETAIL(ISSUE_SEQ, UNITPRICE, QUANTITY, DISCOUNT, MONEYPAY, EMPLOYEE_ID, ORDER_DATE, PROMOTION_SEQ, AGE, SEX, OCCUPATION_SEQ, EDUCATION_SEQ) VALUES(2, 0.6, 200, 0.8, 400, 10002, '2014-09-15 14:00:00', 2, 15, 'Not Recorded', 1, 0);
INSERT INTO N_RETAIL(ISSUE_SEQ, UNITPRICE, QUANTITY, DISCOUNT, MONEYPAY, EMPLOYEE_ID, ORDER_DATE, PROMOTION_SEQ, AGE, SEX, OCCUPATION_SEQ, EDUCATION_SEQ) VALUES(3, 0.8, 300, 0.8, 500, 10003, '2014-09-15 14:00:00', 3, 25, 'Not Recorded', 2, 1);
INSERT INTO N_RETAIL(ISSUE_SEQ, UNITPRICE, QUANTITY, DISCOUNT, MONEYPAY, EMPLOYEE_ID, ORDER_DATE, PROMOTION_SEQ, AGE, SEX, OCCUPATION_SEQ, EDUCATION_SEQ) VALUES(4, 1.2, 400, 0.8, 600, 10004, '2014-09-15 14:00:00', 1, 1, 'Not Recorded', 0, 2);
INSERT INTO N_RETAIL(ISSUE_SEQ, UNITPRICE, QUANTITY, DISCOUNT, MONEYPAY, EMPLOYEE_ID, ORDER_DATE, PROMOTION_SEQ, AGE, SEX, OCCUPATION_SEQ, EDUCATION_SEQ) VALUES(5, 1,  500, 0.8, 700, 10005, '2014-09-15 14:00:00', 2, 0, 'Not Recorded', 1, 3);

INSERT INTO N_RETURN(ISSUE_SEQ, UNITPRICE, QUANTITY, DISCOUNT, EMPLOYEE_ID, ORDER_DATE, PROMOTION_SEQ) VALUES(1, 0.1, 1, 0.5, 10002, '2014-09-15 00:00:00', 1);
INSERT INTO N_RETURN(ISSUE_SEQ, UNITPRICE, QUANTITY, DISCOUNT, EMPLOYEE_ID, ORDER_DATE, PROMOTION_SEQ) VALUES(2, 0.1, 2, 0.5, 10002, '2014-09-15 00:00:00', 1);
INSERT INTO N_RETURN(ISSUE_SEQ, UNITPRICE, QUANTITY, DISCOUNT, EMPLOYEE_ID, ORDER_DATE, PROMOTION_SEQ) VALUES(3, 0.1, 3, 0.5, 10002, '2014-09-15 00:00:00', 1);
INSERT INTO N_RETURN(ISSUE_SEQ, UNITPRICE, QUANTITY, DISCOUNT, EMPLOYEE_ID, ORDER_DATE, PROMOTION_SEQ) VALUES(4, 0.1, 4, 0.5, 10002, '2014-09-15 00:00:00', 1);
INSERT INTO N_RETURN(ISSUE_SEQ, UNITPRICE, QUANTITY, DISCOUNT, EMPLOYEE_ID, ORDER_DATE, PROMOTION_SEQ) VALUES(5, 0.1, 5, 0.5, 10002, '2014-09-15 00:00:00', 1);

INSERT INTO N_AD(ID, WORK_UNIT, ADDRESS, NEWSPAPER_SEQ, PAGE_COUNT, PAGE_AREA, DATE_FROM, DATE_TO, UNIT_PRICE, DISCOUNT, MONEY_PAY, CONTACT_PERSON, PHONE, EMAIL, EMPLOYEE_ID, ORDER_DATE, PROMOTION_SEQ) VALUES('AD1', 'WU1', 'ADD1', 1, 1, 1, '2014-09-15 00:00:00', '2014-10-15 00:00:00', 1, 0.5, 100, 'CP1', '155', 'XX@XX.XX', '10001', '2014-02-02 00:00:00', 1);
INSERT INTO N_AD(ID, WORK_UNIT, ADDRESS, NEWSPAPER_SEQ, PAGE_COUNT, PAGE_AREA, DATE_FROM, DATE_TO, UNIT_PRICE, DISCOUNT, MONEY_PAY, CONTACT_PERSON, PHONE, EMAIL, EMPLOYEE_ID, ORDER_DATE, PROMOTION_SEQ) VALUES('AD2', 'WU1', 'ADD1', 2, 1, 1, '2014-09-15 00:00:00', '2014-10-15 00:00:00', 2, 0.5, 200, 'CP1', '155', 'XX@XX.XX', '10001', '2014-02-02 00:00:00', 1);
INSERT INTO N_AD(ID, WORK_UNIT, ADDRESS, NEWSPAPER_SEQ, PAGE_COUNT, PAGE_AREA, DATE_FROM, DATE_TO, UNIT_PRICE, DISCOUNT, MONEY_PAY, CONTACT_PERSON, PHONE, EMAIL, EMPLOYEE_ID, ORDER_DATE, PROMOTION_SEQ) VALUES('AD3', 'WU1', 'ADD1', 3, 1, 1, '2014-09-15 00:00:00', '2014-10-15 00:00:00', 3, 0.5, 300, 'CP1', '155', 'XX@XX.XX', '10001', '2014-02-02 00:00:00', 1);
INSERT INTO N_AD(ID, WORK_UNIT, ADDRESS, NEWSPAPER_SEQ, PAGE_COUNT, PAGE_AREA, DATE_FROM, DATE_TO, UNIT_PRICE, DISCOUNT, MONEY_PAY, CONTACT_PERSON, PHONE, EMAIL, EMPLOYEE_ID, ORDER_DATE, PROMOTION_SEQ) VALUES('AD4', 'WU1', 'ADD1', 4, 1, 1, '2014-09-15 00:00:00', '2014-10-15 00:00:00', 4, 0.5, 400, 'CP1', '155', 'XX@XX.XX', '10001', '2014-02-02 00:00:00', 1);

INSERT INTO N_PROMOTION_ADMIN(PROMOTION_SEQ, EMPLOYEE_ID) VALUES(3, 10001);
INSERT INTO N_PROMOTION_ADMIN(PROMOTION_SEQ, EMPLOYEE_ID) VALUES(3, 10002);
INSERT INTO N_PROMOTION_ADMIN(PROMOTION_SEQ, EMPLOYEE_ID) VALUES(3, 10003);


INSERT INTO N_PROMOTION_NEWSPAPER(PROMOTION_SEQ, NEWSPAPER_SEQ) VALUES (3, 1);
INSERT INTO N_PROMOTION_NEWSPAPER(PROMOTION_SEQ, NEWSPAPER_SEQ) VALUES (3, 2);
INSERT INTO N_PROMOTION_NEWSPAPER(PROMOTION_SEQ, NEWSPAPER_SEQ) VALUES (3, 3);

INSERT INTO N_PROMOTION_ADMIN(PROMOTION_SEQ, EMPLOYEE_ID) VALUES(4, 10004);
INSERT INTO N_PROMOTION_ADMIN(PROMOTION_SEQ, EMPLOYEE_ID) VALUES(4, 10005);
INSERT INTO N_PROMOTION_ADMIN(PROMOTION_SEQ, EMPLOYEE_ID) VALUES(4, 10006);

INSERT INTO N_PROMOTION_NEWSPAPER(PROMOTION_SEQ, NEWSPAPER_SEQ) VALUES (4, 3);
INSERT INTO N_PROMOTION_NEWSPAPER(PROMOTION_SEQ, NEWSPAPER_SEQ) VALUES (4, 4);